,firstName,lastName,jersey,pos,posExpanded,heightFeet,heightInches,weightPounds,personId,teamData,isAllStar,orderChar,playerUrl,displayName
0,Steven,Adams,12,C,Center,6,11,265,203500,"{'urlName': 'thunder', 'city': 'Oklahoma City', 'nickname': 'Thunder', 'tricode': 'OKC'}",False,A,/players/steven/adams/203500,"Adams, Steven"
1,Bam,Adebayo,13,C-F,Center-Forward,6,9,255,1628389,"{'urlName': 'heat', 'city': 'Miami', 'nickname': 'Heat', 'tricode': 'MIA'}",True,A,/players/bam/adebayo/1628389,"Adebayo, Bam"
2,LaMarcus,Aldridge,12,C-F,Center-Forward,6,11,250,200746,"{'urlName': 'spurs', 'city': 'San Antonio', 'nickname': 'Spurs', 'tricode': 'SAS'}",False,A,/players/lamarcus/aldridge/200746,"Aldridge, LaMarcus"
3,Nickeil,Alexander-Walker,0,G,Guard,6,5,205,1629638,"{'urlName': 'pelicans', 'city': 'New Orleans', 'nickname': 'Pelicans', 'tricode': 'NOP'}",False,A,/players/nickeil/alexander-walker/1629638,"Alexander-Walker, Nickeil"
4,Kyle,Alexander,17,F-C,Forward-Center,6,10,216,1629734,"{'urlName': 'heat', 'city': 'Miami', 'nickname': 'Heat', 'tricode': 'MIA'}",False,A,/players/kyle/alexander/1629734,"Alexander, Kyle"
5,Grayson,Allen,3,G,Guard,6,4,198,1628960,"{'urlName': 'grizzlies', 'city': 'Memphis', 'nickname': 'Grizzlies', 'tricode': 'MEM'}",False,A,/players/grayson/allen/1628960,"Allen, Grayson"
6,Jarrett,Allen,31,C,Center,6,11,243,1628386,"{'urlName': 'nets', 'city': 'Brooklyn', 'nickname': 'Nets', 'tricode': 'BKN'}",False,A,/players/jarrett/allen/1628386,"Allen, Jarrett"
7,Kadeem,Allen,0,G,Guard,6,1,200,1628443,"{'urlName': 'knicks', 'city': 'New York', 'nickname': 'Knicks', 'tricode': 'NYK'}",False,A,/players/kadeem/allen/1628443,"Allen, Kadeem"
8,Al-Farouq,Aminu,2,F,Forward,6,8,220,202329,"{'urlName': 'magic', 'city': 'Orlando', 'nickname': 'Magic', 'tricode': 'ORL'}",False,A,/players/al-farouq/aminu/202329,"Aminu, Al-Farouq"
9,Kyle,Anderson,1,F-G,Forward-Guard,6,9,230,203937,"{'urlName': 'grizzlies', 'city': 'Memphis', 'nickname': 'Grizzlies', 'tricode': 'MEM'}",False,A,/players/kyle/anderson/203937,"Anderson, Kyle"
10,Giannis,Antetokounmpo,34,F,Forward,6,11,242,203507,"{'urlName': 'bucks', 'city': 'Milwaukee', 'nickname': 'Bucks', 'tricode': 'MIL'}",True,A,/players/giannis/antetokounmpo/203507,"Antetokounmpo, Giannis"
11,Kostas,Antetokounmpo,37,F,Forward,6,10,200,1628961,"{'urlName': 'lakers', 'city': 'Los Angeles', 'nickname': 'Lakers', 'tricode': 'LAL'}",False,A,/players/kostas/antetokounmpo/1628961,"Antetokounmpo, Kostas"
12,Thanasis,Antetokounmpo,43,F,Forward,6,6,219,203648,"{'urlName': 'bucks', 'city': 'Milwaukee', 'nickname': 'Bucks', 'tricode': 'MIL'}",False,A,/players/thanasis/antetokounmpo/203648,"Antetokounmpo, Thanasis"
13,Carmelo,Anthony,00,F,Forward,6,8,238,2546,"{'urlName': 'blazers', 'city': 'Portland', 'nickname': 'Trail Blazers', 'tricode': 'POR'}",False,A,/players/carmelo/anthony/2546,"Anthony, Carmelo"
14,OG,Anunoby,3,F,Forward,6,7,232,1628384,"{'urlName': 'raptors', 'city': 'Toronto', 'nickname': 'Raptors', 'tricode': 'TOR'}",False,A,/players/og/anunoby/1628384,"Anunoby, OG"
15,Ryan,Arcidiacono,51,G,Guard,6,3,195,1627853,"{'urlName': 'bulls', 'city': 'Chicago', 'nickname': 'Bulls', 'tricode': 'CHI'}",False,A,/players/ryan/arcidiacono/1627853,"Arcidiacono, Ryan"
16,Trevor,Ariza,8,F,Forward,6,8,215,2772,"{'urlName': 'blazers', 'city': 'Portland', 'nickname': 'Trail Blazers', 'tricode': 'POR'}",False,A,/players/trevor/ariza/2772,"Ariza, Trevor"
17,D.J.,Augustin,14,G,Guard,5,11,183,201571,"{'urlName': 'magic', 'city': 'Orlando', 'nickname': 'Magic', 'tricode': 'ORL'}",False,A,/players/d.j./augustin/201571,"Augustin, D.J."
18,Deandre,Ayton,22,C,Center,6,11,250,1629028,"{'urlName': 'suns', 'city': 'Phoenix', 'nickname': 'Suns', 'tricode': 'PHX'}",False,A,/players/deandre/ayton/1629028,"Ayton, Deandre"
19,Dwayne,Bacon,7,G-F,Guard-Forward,6,6,221,1628407,"{'urlName': 'hornets', 'city': 'Charlotte', 'nickname': 'Hornets', 'tricode': 'CHA'}",False,B,/players/dwayne/bacon/1628407,"Bacon, Dwayne"
20,Marvin,Bagley III,35,F,Forward,6,11,235,1628963,"{'urlName': 'kings', 'city': 'Sacramento', 'nickname': 'Kings', 'tricode': 'SAC'}",False,B,/players/marvin/bagley_iii/1628963,"Bagley III, Marvin"
21,Lonzo,Ball,2,G,Guard,6,6,190,1628366,"{'urlName': 'pelicans', 'city': 'New Orleans', 'nickname': 'Pelicans', 'tricode': 'NOP'}",False,B,/players/lonzo/ball/1628366,"Ball, Lonzo"
22,Mo,Bamba,5,C,Center,7,0,231,1628964,"{'urlName': 'magic', 'city': 'Orlando', 'nickname': 'Magic', 'tricode': 'ORL'}",False,B,/players/mo/bamba/1628964,"Bamba, Mo"
23,J.J.,Barea,5,G,Guard,5,10,180,200826,"{'urlName': 'mavericks', 'city': 'Dallas', 'nickname': 'Mavericks', 'tricode': 'DAL'}",False,B,/players/j.j./barea/200826,"Barea, J.J."
24,Harrison,Barnes,40,F,Forward,6,8,225,203084,"{'urlName': 'kings', 'city': 'Sacramento', 'nickname': 'Kings', 'tricode': 'SAC'}",False,B,/players/harrison/barnes/203084,"Barnes, Harrison"
25,RJ,Barrett,9,F-G,Forward-Guard,6,6,214,1629628,"{'urlName': 'knicks', 'city': 'New York', 'nickname': 'Knicks', 'tricode': 'NYK'}",False,B,/players/rj/barrett/1629628,"Barrett, RJ"
26,Will,Barton,5,G,Guard,6,5,181,203115,"{'urlName': 'nuggets', 'city': 'Denver', 'nickname': 'Nuggets', 'tricode': 'DEN'}",False,B,/players/will/barton/203115,"Barton, Will"
27,Keita,Bates-Diop,31,F,Forward,6,8,229,1628966,"{'urlName': 'nuggets', 'city': 'Denver', 'nickname': 'Nuggets', 'tricode': 'DEN'}",False,B,/players/keita/bates-diop/1628966,"Bates-Diop, Keita"
28,Nicolas,Batum,5,G-F,Guard-Forward,6,9,230,201587,"{'urlName': 'hornets', 'city': 'Charlotte', 'nickname': 'Hornets', 'tricode': 'CHA'}",False,B,/players/nicolas/batum/201587,"Batum, Nicolas"
29,Aron,Baynes,46,C-F,Center-Forward,6,10,260,203382,"{'urlName': 'suns', 'city': 'Phoenix', 'nickname': 'Suns', 'tricode': 'PHX'}",False,B,/players/aron/baynes/203382,"Baynes, Aron"
30,Kent,Bazemore,26,G-F,Guard-Forward,6,4,195,203145,"{'urlName': 'kings', 'city': 'Sacramento', 'nickname': 'Kings', 'tricode': 'SAC'}",False,B,/players/kent/bazemore/203145,"Bazemore, Kent"
31,Darius,Bazley,7,F-G,Forward-Guard,6,8,208,1629647,"{'urlName': 'thunder', 'city': 'Oklahoma City', 'nickname': 'Thunder', 'tricode': 'OKC'}",False,B,/players/darius/bazley/1629647,"Bazley, Darius"
32,Bradley,Beal,3,G,Guard,6,3,207,203078,"{'urlName': 'wizards', 'city': 'Washington', 'nickname': 'Wizards', 'tricode': 'WAS'}",False,B,/players/bradley/beal/203078,"Beal, Bradley"
33,Malik,Beasley,5,G,Guard,6,4,187,1627736,"{'urlName': 'timberwolves', 'city': 'Minnesota', 'nickname': 'Timberwolves', 'tricode': 'MIN'}",False,B,/players/malik/beasley/1627736,"Beasley, Malik"
34,Marco,Belinelli,18,G,Guard,6,5,220,201158,"{'urlName': 'spurs', 'city': 'San Antonio', 'nickname': 'Spurs', 'tricode': 'SAS'}",False,B,/players/marco/belinelli/201158,"Belinelli, Marco"
35,DeAndre',Bembry,95,G-F,Guard-Forward,6,5,210,1627761,"{'urlName': 'hawks', 'city': 'Atlanta', 'nickname': 'Hawks', 'tricode': 'ATL'}",False,B,/players/deandre'/bembry/1627761,"Bembry, DeAndre'"
36,Dragan,Bender,10,F,Forward,7,0,249,1627733,"{'urlName': 'warriors', 'city': 'Golden State', 'nickname': 'Warriors', 'tricode': 'GSW'}",False,B,/players/dragan/bender/1627733,"Bender, Dragan"
37,Davis,Bertans,42,F,Forward,6,10,225,202722,"{'urlName': 'wizards', 'city': 'Washington', 'nickname': 'Wizards', 'tricode': 'WAS'}",False,B,/players/davis/bertans/202722,"Bertans, Davis"
38,Patrick,Beverley,21,G,Guard,6,1,180,201976,"{'urlName': 'clippers', 'city': 'LA', 'nickname': 'Clippers', 'tricode': 'LAC'}",False,B,/players/patrick/beverley/201976,"Beverley, Patrick"
39,Khem,Birch,24,C,Center,6,9,233,203920,"{'urlName': 'magic', 'city': 'Orlando', 'nickname': 'Magic', 'tricode': 'ORL'}",False,B,/players/khem/birch/203920,"Birch, Khem"
40,Goga,Bitadze,88,C-F,Center-Forward,6,11,250,1629048,"{'urlName': 'pacers', 'city': 'Indiana', 'nickname': 'Pacers', 'tricode': 'IND'}",False,B,/players/goga/bitadze/1629048,"Bitadze, Goga"
41,Bismack,Biyombo,8,C,Center,6,8,255,202687,"{'urlName': 'hornets', 'city': 'Charlotte', 'nickname': 'Hornets', 'tricode': 'CHA'}",False,B,/players/bismack/biyombo/202687,"Biyombo, Bismack"
42,Nemanja,Bjelica,88,F,Forward,6,10,234,202357,"{'urlName': 'kings', 'city': 'Sacramento', 'nickname': 'Kings', 'tricode': 'SAC'}",False,B,/players/nemanja/bjelica/202357,"Bjelica, Nemanja"
43,Eric,Bledsoe,6,G,Guard,6,1,214,202339,"{'urlName': 'bucks', 'city': 'Milwaukee', 'nickname': 'Bucks', 'tricode': 'MIL'}",False,B,/players/eric/bledsoe/202339,"Bledsoe, Eric"
44,Bogdan,Bogdanovic,8,G,Guard,6,6,220,203992,"{'urlName': 'kings', 'city': 'Sacramento', 'nickname': 'Kings', 'tricode': 'SAC'}",False,B,/players/bogdan/bogdanovic/203992,"Bogdanovic, Bogdan"
45,Bojan,Bogdanovic,44,F,Forward,6,8,226,202711,"{'urlName': 'jazz', 'city': 'Utah', 'nickname': 'Jazz', 'tricode': 'UTA'}",False,B,/players/bojan/bogdanovic/202711,"Bogdanovic, Bojan"
46,Bol,Bol,10,C-F,Center-Forward,7,2,220,1629626,"{'urlName': 'nuggets', 'city': 'Denver', 'nickname': 'Nuggets', 'tricode': 'DEN'}",False,B,/players/bol/bol/1629626,"Bol, Bol"
47,Jordan,Bone,18,G,Guard,6,3,180,1629648,"{'urlName': 'pistons', 'city': 'Detroit', 'nickname': 'Pistons', 'tricode': 'DET'}",False,B,/players/jordan/bone/1629648,"Bone, Jordan"
48,Isaac,Bonga,17,G,Guard,6,8,180,1629067,"{'urlName': 'wizards', 'city': 'Washington', 'nickname': 'Wizards', 'tricode': 'WAS'}",False,B,/players/isaac/bonga/1629067,"Bonga, Isaac"
49,Devin,Booker,1,G,Guard,6,5,206,1626164,"{'urlName': 'suns', 'city': 'Phoenix', 'nickname': 'Suns', 'tricode': 'PHX'}",True,B,/players/devin/booker/1626164,"Booker, Devin"
50,Chris,Boucher,25,F-C,Forward-Center,6,9,200,1628449,"{'urlName': 'raptors', 'city': 'Toronto', 'nickname': 'Raptors', 'tricode': 'TOR'}",False,B,/players/chris/boucher/1628449,"Boucher, Chris"
51,Brian,Bowen II,10,F-G,Forward-Guard,6,6,190,1628968,"{'urlName': 'pacers', 'city': 'Indiana', 'nickname': 'Pacers', 'tricode': 'IND'}",False,B,/players/brian/bowen_ii/1628968,"Bowen II, Brian"
52,Ky,Bowman,12,G,Guard,6,1,187,1629065,"{'urlName': 'warriors', 'city': 'Golden State', 'nickname': 'Warriors', 'tricode': 'GSW'}",False,B,/players/ky/bowman/1629065,"Bowman, Ky"
53,Avery,Bradley,11,G,Guard,6,3,180,202340,"{'urlName': 'lakers', 'city': 'Los Angeles', 'nickname': 'Lakers', 'tricode': 'LAL'}",False,B,/players/avery/bradley/202340,"Bradley, Avery"
54,Tony,Bradley,13,C-F,Center-Forward,6,10,248,1628396,"{'urlName': 'jazz', 'city': 'Utah', 'nickname': 'Jazz', 'tricode': 'UTA'}",False,B,/players/tony/bradley/1628396,"Bradley, Tony"
55,Jarrell,Brantley,5,F,Forward,6,5,250,1629714,"{'urlName': 'jazz', 'city': 'Utah', 'nickname': 'Jazz', 'tricode': 'UTA'}",False,B,/players/jarrell/brantley/1629714,"Brantley, Jarrell"
56,Ignas,Brazdeikis,17,F,Forward,6,6,221,1629649,"{'urlName': 'knicks', 'city': 'New York', 'nickname': 'Knicks', 'tricode': 'NYK'}",False,B,/players/ignas/brazdeikis/1629649,"Brazdeikis, Ignas"
57,Mikal,Bridges,25,F,Forward,6,6,209,1628969,"{'urlName': 'suns', 'city': 'Phoenix', 'nickname': 'Suns', 'tricode': 'PHX'}",False,B,/players/mikal/bridges/1628969,"Bridges, Mikal"
58,Miles,Bridges,0,F,Forward,6,6,225,1628970,"{'urlName': 'hornets', 'city': 'Charlotte', 'nickname': 'Hornets', 'tricode': 'CHA'}",False,B,/players/miles/bridges/1628970,"Bridges, Miles"
59,Oshae,Brissett,12,F-G,Forward-Guard,6,7,210,1629052,"{'urlName': 'raptors', 'city': 'Toronto', 'nickname': 'Raptors', 'tricode': 'TOR'}",False,B,/players/oshae/brissett/1629052,"Brissett, Oshae"
60,Malcolm,Brogdon,7,G,Guard,6,5,229,1627763,"{'urlName': 'pacers', 'city': 'Indiana', 'nickname': 'Pacers', 'tricode': 'IND'}",False,B,/players/malcolm/brogdon/1627763,"Brogdon, Malcolm"
61,Dillon,Brooks,24,G-F,Guard-Forward,6,7,225,1628415,"{'urlName': 'grizzlies', 'city': 'Memphis', 'nickname': 'Grizzlies', 'tricode': 'MEM'}",False,B,/players/dillon/brooks/1628415,"Brooks, Dillon"
62,Charles,Brown Jr.,4,G,Guard,6,6,199,1629718,"{'urlName': 'hawks', 'city': 'Atlanta', 'nickname': 'Hawks', 'tricode': 'ATL'}",False,B,/players/charles/brown_jr./1629718,"Brown Jr., Charles"
63,Troy,Brown Jr.,6,G-F,Guard-Forward,6,6,215,1628972,"{'urlName': 'wizards', 'city': 'Washington', 'nickname': 'Wizards', 'tricode': 'WAS'}",False,B,/players/troy/brown_jr./1628972,"Brown Jr., Troy"
64,Bruce,Brown,6,G-F,Guard-Forward,6,4,202,1628971,"{'urlName': 'pistons', 'city': 'Detroit', 'nickname': 'Pistons', 'tricode': 'DET'}",False,B,/players/bruce/brown/1628971,"Brown, Bruce"
65,Jaylen,Brown,7,G-F,Guard-Forward,6,6,223,1627759,"{'urlName': 'celtics', 'city': 'Boston', 'nickname': 'Celtics', 'tricode': 'BOS'}",False,B,/players/jaylen/brown/1627759,"Brown, Jaylen"
66,Moses,Brown,4,C,Center,7,2,245,1629650,"{'urlName': 'blazers', 'city': 'Portland', 'nickname': 'Trail Blazers', 'tricode': 'POR'}",False,B,/players/moses/brown/1629650,"Brown, Moses"
67,Sterling,Brown,23,G-F,Guard-Forward,6,5,219,1628425,"{'urlName': 'bucks', 'city': 'Milwaukee', 'nickname': 'Bucks', 'tricode': 'MIL'}",False,B,/players/sterling/brown/1628425,"Brown, Sterling"
68,Jalen,Brunson,13,G,Guard,6,1,190,1628973,"{'urlName': 'mavericks', 'city': 'Dallas', 'nickname': 'Mavericks', 'tricode': 'DAL'}",False,B,/players/jalen/brunson/1628973,"Brunson, Jalen"
69,Thomas,Bryant,13,C-F,Center-Forward,6,10,248,1628418,"{'urlName': 'wizards', 'city': 'Washington', 'nickname': 'Wizards', 'tricode': 'WAS'}",False,B,/players/thomas/bryant/1628418,"Bryant, Thomas"
70,Reggie,Bullock,25,G-F,Guard-Forward,6,6,205,203493,"{'urlName': 'knicks', 'city': 'New York', 'nickname': 'Knicks', 'tricode': 'NYK'}",False,B,/players/reggie/bullock/203493,"Bullock, Reggie"
71,Alec,Burks,20,G,Guard,6,6,214,202692,"{'urlName': 'sixers', 'city': 'Philadelphia', 'nickname': '76ers', 'tricode': 'PHI'}",False,B,/players/alec/burks/202692,"Burks, Alec"
72,Deonte,Burton,30,G-F,Guard-Forward,6,4,240,1629126,"{'urlName': 'thunder', 'city': 'Oklahoma City', 'nickname': 'Thunder', 'tricode': 'OKC'}",False,B,/players/deonte/burton/1629126,"Burton, Deonte"
73,Jimmy,Butler,22,F,Forward,6,7,230,202710,"{'urlName': 'heat', 'city': 'Miami', 'nickname': 'Heat', 'tricode': 'MIA'}",True,B,/players/jimmy/butler/202710,"Butler, Jimmy"
74,Bruno,Caboclo,5,F,Forward,6,9,218,203998,"{'urlName': 'rockets', 'city': 'Houston', 'nickname': 'Rockets', 'tricode': 'HOU'}",False,C,/players/bruno/caboclo/203998,"Caboclo, Bruno"
75,Devontae,Cacok,12,F,Forward,6,8,240,1629719,"{'urlName': 'lakers', 'city': 'Los Angeles', 'nickname': 'Lakers', 'tricode': 'LAL'}",False,C,/players/devontae/cacok/1629719,"Cacok, Devontae"
76,Kentavious,Caldwell-Pope,1,G,Guard,6,5,204,203484,"{'urlName': 'lakers', 'city': 'Los Angeles', 'nickname': 'Lakers', 'tricode': 'LAL'}",False,C,/players/kentavious/caldwell-pope/203484,"Caldwell-Pope, Kentavious"
77,Vlatko,Cancar,31,F,Forward,6,8,236,1628427,"{'urlName': 'nuggets', 'city': 'Denver', 'nickname': 'Nuggets', 'tricode': 'DEN'}",False,C,/players/vlatko/cancar/1628427,"Cancar, Vlatko"
78,Clint,Capela,17,C,Center,6,10,240,203991,"{'urlName': 'hawks', 'city': 'Atlanta', 'nickname': 'Hawks', 'tricode': 'ATL'}",False,C,/players/clint/capela/203991,"Capela, Clint"
79,DeMarre,Carroll,9,F,Forward,6,6,215,201960,"{'urlName': 'rockets', 'city': 'Houston', 'nickname': 'Rockets', 'tricode': 'HOU'}",False,C,/players/demarre/carroll/201960,"Carroll, DeMarre"
80,Wendell,Carter Jr.,34,C-F,Center-Forward,6,9,270,1628976,"{'urlName': 'bulls', 'city': 'Chicago', 'nickname': 'Bulls', 'tricode': 'CHI'}",False,C,/players/wendell/carter_jr./1628976,"Carter Jr., Wendell"
81,Michael,Carter-Williams,7,G,Guard,6,5,190,203487,"{'urlName': 'magic', 'city': 'Orlando', 'nickname': 'Magic', 'tricode': 'ORL'}",False,C,/players/michael/carter-williams/203487,"Carter-Williams, Michael"
82,Jevon,Carter,4,G,Guard,6,1,200,1628975,"{'urlName': 'suns', 'city': 'Phoenix', 'nickname': 'Suns', 'tricode': 'PHX'}",False,C,/players/jevon/carter/1628975,"Carter, Jevon"
83,Vince,Carter,15,G-F,Guard-Forward,6,6,220,1713,"{'urlName': 'hawks', 'city': 'Atlanta', 'nickname': 'Hawks', 'tricode': 'ATL'}",False,C,/players/vince/carter/1713,"Carter, Vince"
84,Alex,Caruso,4,G,Guard,6,5,186,1627936,"{'urlName': 'lakers', 'city': 'Los Angeles', 'nickname': 'Lakers', 'tricode': 'LAL'}",False,C,/players/alex/caruso/1627936,"Caruso, Alex"
85,Willie,Cauley-Stein,33,C,Center,7,0,240,1626161,"{'urlName': 'mavericks', 'city': 'Dallas', 'nickname': 'Mavericks', 'tricode': 'DAL'}",False,C,/players/willie/cauley-stein/1626161,"Cauley-Stein, Willie"
86,Tyson,Chandler,19,C,Center,7,0,235,2199,"{'urlName': 'rockets', 'city': 'Houston', 'nickname': 'Rockets', 'tricode': 'HOU'}",False,C,/players/tyson/chandler/2199,"Chandler, Tyson"
87,Wilson,Chandler,21,F,Forward,6,8,235,201163,"{'urlName': 'nets', 'city': 'Brooklyn', 'nickname': 'Nets', 'tricode': 'BKN'}",False,C,/players/wilson/chandler/201163,"Chandler, Wilson"
88,Joe,Chealey,31,G,Guard,6,4,190,1629147,"{'urlName': 'hornets', 'city': 'Charlotte', 'nickname': 'Hornets', 'tricode': 'CHA'}",False,C,/players/joe/chealey/1629147,"Chealey, Joe"
89,Zylan,Cheatham,45,F,Forward,6,5,220,1629597,"{'urlName': 'pelicans', 'city': 'New Orleans', 'nickname': 'Pelicans', 'tricode': 'NOP'}",False,C,/players/zylan/cheatham/1629597,"Cheatham, Zylan"
90,Chris,Chiozza,9,G,Guard,5,11,175,1629185,"{'urlName': 'nets', 'city': 'Brooklyn', 'nickname': 'Nets', 'tricode': 'BKN'}",False,C,/players/chris/chiozza/1629185,"Chiozza, Chris"
91,Marquese,Chriss,32,F,Forward,6,9,240,1627737,"{'urlName': 'warriors', 'city': 'Golden State', 'nickname': 'Warriors', 'tricode': 'GSW'}",False,C,/players/marquese/chriss/1627737,"Chriss, Marquese"
92,Brandon,Clarke,15,F-G,Forward-Guard,6,8,215,1629634,"{'urlName': 'grizzlies', 'city': 'Memphis', 'nickname': 'Grizzlies', 'tricode': 'MEM'}",False,C,/players/brandon/clarke/1629634,"Clarke, Brandon"
93,Gary,Clark,12,F,Forward,6,6,225,1629109,"{'urlName': 'magic', 'city': 'Orlando', 'nickname': 'Magic', 'tricode': 'ORL'}",False,C,/players/gary/clark/1629109,"Clark, Gary"
94,Jordan,Clarkson,00,G,Guard,6,4,194,203903,"{'urlName': 'jazz', 'city': 'Utah', 'nickname': 'Jazz', 'tricode': 'UTA'}",False,C,/players/jordan/clarkson/203903,"Clarkson, Jordan"
95,Nicolas,Claxton,33,F-C,Forward-Center,6,11,215,1629651,"{'urlName': 'nets', 'city': 'Brooklyn', 'nickname': 'Nets', 'tricode': 'BKN'}",False,C,/players/nicolas/claxton/1629651,"Claxton, Nicolas"
96,Chris,Clemons,3,G,Guard,5,9,180,1629598,"{'urlName': 'rockets', 'city': 'Houston', 'nickname': 'Rockets', 'tricode': 'HOU'}",False,C,/players/chris/clemons/1629598,"Clemons, Chris"
97,Antonius,Cleveland,3,G,Guard,6,5,195,1628499,"{'urlName': 'mavericks', 'city': 'Dallas', 'nickname': 'Mavericks', 'tricode': 'DAL'}",False,C,/players/antonius/cleveland/1628499,"Cleveland, Antonius"
98,Amir,Coffey,7,G-F,Guard-Forward,6,7,210,1629599,"{'urlName': 'clippers', 'city': 'LA', 'nickname': 'Clippers', 'tricode': 'LAC'}",False,C,/players/amir/coffey/1629599,"Coffey, Amir"
99,John,Collins,20,F,Forward,6,9,235,1628381,"{'urlName': 'hawks', 'city': 'Atlanta', 'nickname': 'Hawks', 'tricode': 'ATL'}",False,C,/players/john/collins/1628381,"Collins, John"
100,Zach,Collins,33,F-C,Forward-Center,6,11,250,1628380,"{'urlName': 'blazers', 'city': 'Portland', 'nickname': 'Trail Blazers', 'tricode': 'POR'}",False,C,/players/zach/collins/1628380,"Collins, Zach"
101,Mike,Conley,10,G,Guard,6,1,175,201144,"{'urlName': 'jazz', 'city': 'Utah', 'nickname': 'Jazz', 'tricode': 'UTA'}",False,C,/players/mike/conley/201144,"Conley, Mike"
102,Pat,Connaughton,24,G,Guard,6,5,209,1626192,"{'urlName': 'bucks', 'city': 'Milwaukee', 'nickname': 'Bucks', 'tricode': 'MIL'}",False,C,/players/pat/connaughton/1626192,"Connaughton, Pat"
103,Quinn,Cook,28,G,Guard,6,1,180,1626188,"{'urlName': 'lakers', 'city': 'Los Angeles', 'nickname': 'Lakers', 'tricode': 'LAL'}",False,C,/players/quinn/cook/1626188,"Cook, Quinn"
104,Robert,Covington,33,F,Forward,6,7,209,203496,"{'urlName': 'rockets', 'city': 'Houston', 'nickname': 'Rockets', 'tricode': 'HOU'}",False,C,/players/robert/covington/203496,"Covington, Robert"
105,Torrey,Craig,3,F,Forward,6,7,221,1628470,"{'urlName': 'nuggets', 'city': 'Denver', 'nickname': 'Nuggets', 'tricode': 'DEN'}",False,C,/players/torrey/craig/1628470,"Craig, Torrey"
106,Jae,Crowder,99,F,Forward,6,6,235,203109,"{'urlName': 'heat', 'city': 'Miami', 'nickname': 'Heat', 'tricode': 'MIA'}",False,C,/players/jae/crowder/203109,"Crowder, Jae"
107,Jarrett,Culver,23,G-F,Guard-Forward,6,6,195,1629633,"{'urlName': 'timberwolves', 'city': 'Minnesota', 'nickname': 'Timberwolves', 'tricode': 'MIN'}",False,C,/players/jarrett/culver/1629633,"Culver, Jarrett"
108,Seth,Curry,30,G,Guard,6,2,185,203552,"{'urlName': 'mavericks', 'city': 'Dallas', 'nickname': 'Mavericks', 'tricode': 'DAL'}",False,C,/players/seth/curry/203552,"Curry, Seth"
109,Stephen,Curry,30,G,Guard,6,3,185,201939,"{'urlName': 'warriors', 'city': 'Golden State', 'nickname': 'Warriors', 'tricode': 'GSW'}",False,C,/players/stephen/curry/201939,"Curry, Stephen"
110,Troy,Daniels,30,G,Guard,6,4,200,203584,"{'urlName': 'nuggets', 'city': 'Denver', 'nickname': 'Nuggets', 'tricode': 'DEN'}",False,D,/players/troy/daniels/203584,"Daniels, Troy"
111,Anthony,Davis,3,F-C,Forward-Center,6,10,253,203076,"{'urlName': 'lakers', 'city': 'Los Angeles', 'nickname': 'Lakers', 'tricode': 'LAL'}",True,D,/players/anthony/davis/203076,"Davis, Anthony"
112,Ed,Davis,17,C-F,Center-Forward,6,9,218,202334,"{'urlName': 'jazz', 'city': 'Utah', 'nickname': 'Jazz', 'tricode': 'UTA'}",False,D,/players/ed/davis/202334,"Davis, Ed"
113,Terence,Davis,0,G,Guard,6,4,201,1629056,"{'urlName': 'raptors', 'city': 'Toronto', 'nickname': 'Raptors', 'tricode': 'TOR'}",False,D,/players/terence/davis/1629056,"Davis, Terence"
114,Dewayne,Dedmon,14,C,Center,7,0,245,203473,"{'urlName': 'hawks', 'city': 'Atlanta', 'nickname': 'Hawks', 'tricode': 'ATL'}",False,D,/players/dewayne/dedmon/203473,"Dedmon, Dewayne"
115,Matthew,Dellavedova,18,G,Guard,6,3,200,203521,"{'urlName': 'cavaliers', 'city': 'Cleveland', 'nickname': 'Cavaliers', 'tricode': 'CLE'}",False,D,/players/matthew/dellavedova/203521,"Dellavedova, Matthew"
116,DeMar,DeRozan,10,G-F,Guard-Forward,6,6,220,201942,"{'urlName': 'spurs', 'city': 'San Antonio', 'nickname': 'Spurs', 'tricode': 'SAS'}",False,D,/players/demar/derozan/201942,"DeRozan, DeMar"
117,Cheick,Diallo,14,F-C,Forward-Center,6,8,219,1627767,"{'urlName': 'suns', 'city': 'Phoenix', 'nickname': 'Suns', 'tricode': 'PHX'}",False,D,/players/cheick/diallo/1627767,"Diallo, Cheick"
118,Hamidou,Diallo,6,G,Guard,6,5,202,1628977,"{'urlName': 'thunder', 'city': 'Oklahoma City', 'nickname': 'Thunder', 'tricode': 'OKC'}",False,D,/players/hamidou/diallo/1628977,"Diallo, Hamidou"
119,Gorgui,Dieng,14,C,Center,6,10,252,203476,"{'urlName': 'grizzlies', 'city': 'Memphis', 'nickname': 'Grizzlies', 'tricode': 'MEM'}",False,D,/players/gorgui/dieng/203476,"Dieng, Gorgui"
120,Spencer,Dinwiddie,26,G,Guard,6,5,215,203915,"{'urlName': 'nets', 'city': 'Brooklyn', 'nickname': 'Nets', 'tricode': 'BKN'}",False,D,/players/spencer/dinwiddie/203915,"Dinwiddie, Spencer"
121,Donte,DiVincenzo,0,G,Guard,6,4,203,1628978,"{'urlName': 'bucks', 'city': 'Milwaukee', 'nickname': 'Bucks', 'tricode': 'MIL'}",False,D,/players/donte/divincenzo/1628978,"DiVincenzo, Donte"
122,Luka,Doncic,77,F-G,Forward-Guard,6,7,230,1629029,"{'urlName': 'mavericks', 'city': 'Dallas', 'nickname': 'Mavericks', 'tricode': 'DAL'}",True,D,/players/luka/doncic/1629029,"Doncic, Luka"
123,Luguentz,Dort,5,G,Guard,6,3,215,1629652,"{'urlName': 'thunder', 'city': 'Oklahoma City', 'nickname': 'Thunder', 'tricode': 'OKC'}",False,D,/players/luguentz/dort/1629652,"Dort, Luguentz"
124,Damyean,Dotson,21,G,Guard,6,5,210,1628422,"{'urlName': 'knicks', 'city': 'New York', 'nickname': 'Knicks', 'tricode': 'NYK'}",False,D,/players/damyean/dotson/1628422,"Dotson, Damyean"
125,Sekou,Doumbouya,45,F,Forward,6,8,230,1629635,"{'urlName': 'pistons', 'city': 'Detroit', 'nickname': 'Pistons', 'tricode': 'DET'}",False,D,/players/sekou/doumbouya/1629635,"Doumbouya, Sekou"
126,PJ,Dozier,35,G-F,Guard-Forward,6,6,205,1628408,"{'urlName': 'nuggets', 'city': 'Denver', 'nickname': 'Nuggets', 'tricode': 'DEN'}",False,D,/players/pj/dozier/1628408,"Dozier, PJ"
127,Goran,Dragic,7,G,Guard,6,3,190,201609,"{'urlName': 'heat', 'city': 'Miami', 'nickname': 'Heat', 'tricode': 'MIA'}",False,D,/players/goran/dragic/201609,"Dragic, Goran"
128,Andre,Drummond,3,C,Center,6,10,279,203083,"{'urlName': 'cavaliers', 'city': 'Cleveland', 'nickname': 'Cavaliers', 'tricode': 'CLE'}",False,D,/players/andre/drummond/203083,"Drummond, Andre"
129,Jared,Dudley,10,F,Forward,6,6,237,201162,"{'urlName': 'lakers', 'city': 'Los Angeles', 'nickname': 'Lakers', 'tricode': 'LAL'}",False,D,/players/jared/dudley/201162,"Dudley, Jared"
130,Kris,Dunn,32,G,Guard,6,3,205,1627739,"{'urlName': 'bulls', 'city': 'Chicago', 'nickname': 'Bulls', 'tricode': 'CHI'}",False,D,/players/kris/dunn/1627739,"Dunn, Kris"
131,Kevin,Durant,7,F,Forward,6,10,240,201142,"{'urlName': 'nets', 'city': 'Brooklyn', 'nickname': 'Nets', 'tricode': 'BKN'}",False,D,/players/kevin/durant/201142,"Durant, Kevin"
132,Carsen,Edwards,4,G,Guard,5,11,200,1629035,"{'urlName': 'celtics', 'city': 'Boston', 'nickname': 'Celtics', 'tricode': 'BOS'}",False,E,/players/carsen/edwards/1629035,"Edwards, Carsen"
133,Wayne,Ellington,2,G,Guard,6,4,207,201961,"{'urlName': 'knicks', 'city': 'New York', 'nickname': 'Knicks', 'tricode': 'NYK'}",False,E,/players/wayne/ellington/201961,"Ellington, Wayne"
134,Joel,Embiid,21,C-F,Center-Forward,7,0,280,203954,"{'urlName': 'sixers', 'city': 'Philadelphia', 'nickname': '76ers', 'tricode': 'PHI'}",True,E,/players/joel/embiid/203954,"Embiid, Joel"
135,James,Ennis III,11,F,Forward,6,6,215,203516,"{'urlName': 'magic', 'city': 'Orlando', 'nickname': 'Magic', 'tricode': 'ORL'}",False,E,/players/james/ennis_iii/203516,"Ennis III, James"
136,Drew,Eubanks,14,F-C,Forward-Center,6,9,245,1629234,"{'urlName': 'spurs', 'city': 'San Antonio', 'nickname': 'Spurs', 'tricode': 'SAS'}",False,E,/players/drew/eubanks/1629234,"Eubanks, Drew"
137,Jacob,Evans,12,G-F,Guard-Forward,6,4,210,1628980,"{'urlName': 'timberwolves', 'city': 'Minnesota', 'nickname': 'Timberwolves', 'tricode': 'MIN'}",False,E,/players/jacob/evans/1628980,"Evans, Jacob"
138,Dante,Exum,1,G,Guard,6,5,214,203957,"{'urlName': 'cavaliers', 'city': 'Cleveland', 'nickname': 'Cavaliers', 'tricode': 'CLE'}",False,E,/players/dante/exum/203957,"Exum, Dante"
139,Tacko,Fall,99,C,Center,7,5,311,1629605,"{'urlName': 'celtics', 'city': 'Boston', 'nickname': 'Celtics', 'tricode': 'BOS'}",False,F,/players/tacko/fall/1629605,"Fall, Tacko"
140,Derrick,Favors,22,F,Forward,6,9,265,202324,"{'urlName': 'pelicans', 'city': 'New Orleans', 'nickname': 'Pelicans', 'tricode': 'NOP'}",False,F,/players/derrick/favors/202324,"Favors, Derrick"
141,Cristiano,Felicio,6,F-C,Forward-Center,6,10,270,1626245,"{'urlName': 'bulls', 'city': 'Chicago', 'nickname': 'Bulls', 'tricode': 'CHI'}",False,F,/players/cristiano/felicio/1626245,"Felicio, Cristiano"
142,Terrance,Ferguson,23,G,Guard,6,6,190,1628390,"{'urlName': 'thunder', 'city': 'Oklahoma City', 'nickname': 'Thunder', 'tricode': 'OKC'}",False,F,/players/terrance/ferguson/1628390,"Ferguson, Terrance"
143,Bruno,Fernando,24,F-C,Forward-Center,6,9,240,1628981,"{'urlName': 'hawks', 'city': 'Atlanta', 'nickname': 'Hawks', 'tricode': 'ATL'}",False,F,/players/bruno/fernando/1628981,"Fernando, Bruno"
144,Yogi,Ferrell,3,G,Guard,6,0,178,1627812,"{'urlName': 'kings', 'city': 'Sacramento', 'nickname': 'Kings', 'tricode': 'SAC'}",False,F,/players/yogi/ferrell/1627812,"Ferrell, Yogi"
145,Dorian,Finney-Smith,10,F,Forward,6,7,220,1627827,"{'urlName': 'mavericks', 'city': 'Dallas', 'nickname': 'Mavericks', 'tricode': 'DAL'}",False,F,/players/dorian/finney-smith/1627827,"Finney-Smith, Dorian"
146,Bryn,Forbes,11,G,Guard,6,2,205,1627854,"{'urlName': 'spurs', 'city': 'San Antonio', 'nickname': 'Spurs', 'tricode': 'SAS'}",False,F,/players/bryn/forbes/1627854,"Forbes, Bryn"
147,Evan,Fournier,10,G-F,Guard-Forward,6,7,205,203095,"{'urlName': 'magic', 'city': 'Orlando', 'nickname': 'Magic', 'tricode': 'ORL'}",False,F,/players/evan/fournier/203095,"Fournier, Evan"
148,De'Aaron,Fox,5,G,Guard,6,3,185,1628368,"{'urlName': 'kings', 'city': 'Sacramento', 'nickname': 'Kings', 'tricode': 'SAC'}",False,F,/players/de'aaron/fox/1628368,"Fox, De'Aaron"
149,Melvin,Frazier Jr.,35,G-F,Guard-Forward,6,5,215,1628982,"{'urlName': 'magic', 'city': 'Orlando', 'nickname': 'Magic', 'tricode': 'ORL'}",False,F,/players/melvin/frazier_jr./1628982,"Frazier Jr., Melvin"
150,Michael,Frazier,21,G,Guard,6,3,200,1626187,"{'urlName': 'rockets', 'city': 'Houston', 'nickname': 'Rockets', 'tricode': 'HOU'}",False,F,/players/michael/frazier/1626187,"Frazier, Michael"
151,Markelle,Fultz,20,G,Guard,6,3,209,1628365,"{'urlName': 'magic', 'city': 'Orlando', 'nickname': 'Magic', 'tricode': 'ORL'}",False,F,/players/markelle/fultz/1628365,"Fultz, Markelle"
152,Wenyen,Gabriel,35,F,Forward,6,9,205,1629117,"{'urlName': 'blazers', 'city': 'Portland', 'nickname': 'Trail Blazers', 'tricode': 'POR'}",False,G,/players/wenyen/gabriel/1629117,"Gabriel, Wenyen"
153,Daniel,Gafford,12,F-C,Forward-Center,6,10,234,1629655,"{'urlName': 'bulls', 'city': 'Chicago', 'nickname': 'Bulls', 'tricode': 'CHI'}",False,G,/players/daniel/gafford/1629655,"Gafford, Daniel"
154,Danilo,Gallinari,8,F,Forward,6,10,233,201568,"{'urlName': 'thunder', 'city': 'Oklahoma City', 'nickname': 'Thunder', 'tricode': 'OKC'}",False,G,/players/danilo/gallinari/201568,"Gallinari, Danilo"
155,Langston,Galloway,9,G,Guard,6,1,200,204038,"{'urlName': 'pistons', 'city': 'Detroit', 'nickname': 'Pistons', 'tricode': 'DET'}",False,G,/players/langston/galloway/204038,"Galloway, Langston"
156,Darius,Garland,10,G,Guard,6,1,192,1629636,"{'urlName': 'cavaliers', 'city': 'Cleveland', 'nickname': 'Cavaliers', 'tricode': 'CLE'}",False,G,/players/darius/garland/1629636,"Garland, Darius"
157,Marc,Gasol,33,C,Center,6,11,255,201188,"{'urlName': 'raptors', 'city': 'Toronto', 'nickname': 'Raptors', 'tricode': 'TOR'}",False,G,/players/marc/gasol/201188,"Gasol, Marc"
158,Rudy,Gay,22,F-G,Forward-Guard,6,8,250,200752,"{'urlName': 'spurs', 'city': 'San Antonio', 'nickname': 'Spurs', 'tricode': 'SAS'}",False,G,/players/rudy/gay/200752,"Gay, Rudy"
159,Paul,George,13,F,Forward,6,8,220,202331,"{'urlName': 'clippers', 'city': 'LA', 'nickname': 'Clippers', 'tricode': 'LAC'}",False,G,/players/paul/george/202331,"George, Paul"
160,Taj,Gibson,67,F,Forward,6,9,232,201959,"{'urlName': 'knicks', 'city': 'New York', 'nickname': 'Knicks', 'tricode': 'NYK'}",False,G,/players/taj/gibson/201959,"Gibson, Taj"
161,Harry,Giles III,20,F-C,Forward-Center,6,11,240,1628385,"{'urlName': 'kings', 'city': 'Sacramento', 'nickname': 'Kings', 'tricode': 'SAC'}",False,G,/players/harry/giles_iii/1628385,"Giles III, Harry"
162,Shai,Gilgeous-Alexander,2,G-F,Guard-Forward,6,5,180,1628983,"{'urlName': 'thunder', 'city': 'Oklahoma City', 'nickname': 'Thunder', 'tricode': 'OKC'}",False,G,/players/shai/gilgeous-alexander/1628983,"Gilgeous-Alexander, Shai"
163,Rudy,Gobert,27,C,Center,7,1,258,203497,"{'urlName': 'jazz', 'city': 'Utah', 'nickname': 'Jazz', 'tricode': 'UTA'}",True,G,/players/rudy/gobert/203497,"Gobert, Rudy"
164,Brandon,Goodwin,0,G,Guard,6,0,180,1629164,"{'urlName': 'hawks', 'city': 'Atlanta', 'nickname': 'Hawks', 'tricode': 'ATL'}",False,G,/players/brandon/goodwin/1629164,"Goodwin, Brandon"
165,Aaron,Gordon,00,F,Forward,6,8,235,203932,"{'urlName': 'magic', 'city': 'Orlando', 'nickname': 'Magic', 'tricode': 'ORL'}",False,G,/players/aaron/gordon/203932,"Gordon, Aaron"
166,Eric,Gordon,10,G,Guard,6,3,215,201569,"{'urlName': 'rockets', 'city': 'Houston', 'nickname': 'Rockets', 'tricode': 'HOU'}",False,G,/players/eric/gordon/201569,"Gordon, Eric"
167,Devonte',Graham,4,G,Guard,6,1,195,1628984,"{'urlName': 'hornets', 'city': 'Charlotte', 'nickname': 'Hornets', 'tricode': 'CHA'}",False,G,/players/devonte'/graham/1628984,"Graham, Devonte'"
168,Treveon,Graham,2,G-F,Guard-Forward,6,5,219,1626203,"{'urlName': 'hawks', 'city': 'Atlanta', 'nickname': 'Hawks', 'tricode': 'ATL'}",False,G,/players/treveon/graham/1626203,"Graham, Treveon"
169,Jerami,Grant,9,F,Forward,6,8,210,203924,"{'urlName': 'nuggets', 'city': 'Denver', 'nickname': 'Nuggets', 'tricode': 'DEN'}",False,G,/players/jerami/grant/203924,"Grant, Jerami"
170,Josh,Gray,5,G,Guard,6,0,180,1627982,"{'urlName': 'pelicans', 'city': 'New Orleans', 'nickname': 'Pelicans', 'tricode': 'NOP'}",False,G,/players/josh/gray/1627982,"Gray, Josh"
171,Danny,Green,14,G,Guard,6,6,215,201980,"{'urlName': 'lakers', 'city': 'Los Angeles', 'nickname': 'Lakers', 'tricode': 'LAL'}",False,G,/players/danny/green/201980,"Green, Danny"
172,Draymond,Green,23,F,Forward,6,6,230,203110,"{'urlName': 'warriors', 'city': 'Golden State', 'nickname': 'Warriors', 'tricode': 'GSW'}",False,G,/players/draymond/green/203110,"Green, Draymond"
173,JaMychal,Green,4,F-C,Forward-Center,6,8,227,203210,"{'urlName': 'clippers', 'city': 'LA', 'nickname': 'Clippers', 'tricode': 'LAC'}",False,G,/players/jamychal/green/203210,"Green, JaMychal"
174,Javonte,Green,43,G-F,Guard-Forward,6,4,205,1629750,"{'urlName': 'celtics', 'city': 'Boston', 'nickname': 'Celtics', 'tricode': 'BOS'}",False,G,/players/javonte/green/1629750,"Green, Javonte"
175,Jeff,Green,32,F,Forward,6,8,235,201145,"{'urlName': 'rockets', 'city': 'Houston', 'nickname': 'Rockets', 'tricode': 'HOU'}",False,G,/players/jeff/green/201145,"Green, Jeff"
176,Blake,Griffin,23,F,Forward,6,9,250,201933,"{'urlName': 'pistons', 'city': 'Detroit', 'nickname': 'Pistons', 'tricode': 'DET'}",False,G,/players/blake/griffin/201933,"Griffin, Blake"
177,Marko,Guduric,23,G,Guard,6,6,201,1629741,"{'urlName': 'grizzlies', 'city': 'Memphis', 'nickname': 'Grizzlies', 'tricode': 'MEM'}",False,G,/players/marko/guduric/1629741,"Guduric, Marko"
178,Kyle,Guy,7,G,Guard,6,1,167,1629657,"{'urlName': 'kings', 'city': 'Sacramento', 'nickname': 'Kings', 'tricode': 'SAC'}",False,G,/players/kyle/guy/1629657,"Guy, Kyle"
179,Rui,Hachimura,8,F,Forward,6,8,230,1629060,"{'urlName': 'wizards', 'city': 'Washington', 'nickname': 'Wizards', 'tricode': 'WAS'}",False,H,/players/rui/hachimura/1629060,"Hachimura, Rui"
180,Donta,Hall,42,F,Forward,6,9,229,1629743,"{'urlName': 'pistons', 'city': 'Detroit', 'nickname': 'Pistons', 'tricode': 'DET'}",False,H,/players/donta/hall/1629743,"Hall, Donta"
181,Tim,Hardaway Jr.,11,G-F,Guard-Forward,6,5,205,203501,"{'urlName': 'mavericks', 'city': 'Dallas', 'nickname': 'Mavericks', 'tricode': 'DAL'}",False,H,/players/tim/hardaway_jr./203501,"Hardaway Jr., Tim"
182,James,Harden,13,G,Guard,6,5,220,201935,"{'urlName': 'rockets', 'city': 'Houston', 'nickname': 'Rockets', 'tricode': 'HOU'}",True,H,/players/james/harden/201935,"Harden, James"
183,Maurice,Harkless,3,F-G,Forward-Guard,6,7,220,203090,"{'urlName': 'knicks', 'city': 'New York', 'nickname': 'Knicks', 'tricode': 'NYK'}",False,H,/players/maurice/harkless/203090,"Harkless, Maurice"
184,Jared,Harper,12,G,Guard,5,10,175,1629607,"{'urlName': 'suns', 'city': 'Phoenix', 'nickname': 'Suns', 'tricode': 'PHX'}",False,H,/players/jared/harper/1629607,"Harper, Jared"
185,Montrezl,Harrell,5,F-C,Forward-Center,6,7,240,1626149,"{'urlName': 'clippers', 'city': 'LA', 'nickname': 'Clippers', 'tricode': 'LAC'}",False,H,/players/montrezl/harrell/1626149,"Harrell, Montrezl"
186,Gary,Harris,14,G,Guard,6,4,210,203914,"{'urlName': 'nuggets', 'city': 'Denver', 'nickname': 'Nuggets', 'tricode': 'DEN'}",False,H,/players/gary/harris/203914,"Harris, Gary"
187,Joe,Harris,12,G-F,Guard-Forward,6,6,220,203925,"{'urlName': 'nets', 'city': 'Brooklyn', 'nickname': 'Nets', 'tricode': 'BKN'}",False,H,/players/joe/harris/203925,"Harris, Joe"
188,Shaquille,Harrison,3,G,Guard,6,7,190,1627885,"{'urlName': 'bulls', 'city': 'Chicago', 'nickname': 'Bulls', 'tricode': 'CHI'}",False,H,/players/shaquille/harrison/1627885,"Harrison, Shaquille"
189,Tobias,Harris,12,F,Forward,6,8,226,202699,"{'urlName': 'sixers', 'city': 'Philadelphia', 'nickname': '76ers', 'tricode': 'PHI'}",False,H,/players/tobias/harris/202699,"Harris, Tobias"
190,Isaiah,Hartenstein,55,C-F,Center-Forward,7,0,250,1628392,"{'urlName': 'rockets', 'city': 'Houston', 'nickname': 'Rockets', 'tricode': 'HOU'}",False,H,/players/isaiah/hartenstein/1628392,"Hartenstein, Isaiah"
191,Josh,Hart,3,G,Guard,6,5,215,1628404,"{'urlName': 'pelicans', 'city': 'New Orleans', 'nickname': 'Pelicans', 'tricode': 'NOP'}",False,H,/players/josh/hart/1628404,"Hart, Josh"
192,Udonis,Haslem,40,F,Forward,6,8,235,2617,"{'urlName': 'heat', 'city': 'Miami', 'nickname': 'Heat', 'tricode': 'MIA'}",False,H,/players/udonis/haslem/2617,"Haslem, Udonis"
193,Jaxson,Hayes,10,C-F,Center-Forward,6,11,220,1629637,"{'urlName': 'pelicans', 'city': 'New Orleans', 'nickname': 'Pelicans', 'tricode': 'NOP'}",False,H,/players/jaxson/hayes/1629637,"Hayes, Jaxson"
194,Gordon,Hayward,20,F,Forward,6,7,225,202330,"{'urlName': 'celtics', 'city': 'Boston', 'nickname': 'Celtics', 'tricode': 'BOS'}",False,H,/players/gordon/hayward/202330,"Hayward, Gordon"
195,John,Henson,31,F-C,Forward-Center,6,9,219,203089,"{'urlName': 'pistons', 'city': 'Detroit', 'nickname': 'Pistons', 'tricode': 'DET'}",False,H,/players/john/henson/203089,"Henson, John"
196,Dewan,Hernandez,20,C-F,Center-Forward,6,10,235,1629608,"{'urlName': 'raptors', 'city': 'Toronto', 'nickname': 'Raptors', 'tricode': 'TOR'}",False,H,/players/dewan/hernandez/1629608,"Hernandez, Dewan"
197,Juancho,Hernangomez,41,F,Forward,6,9,214,1627823,"{'urlName': 'timberwolves', 'city': 'Minnesota', 'nickname': 'Timberwolves', 'tricode': 'MIN'}",False,H,/players/juancho/hernangomez/1627823,"Hernangomez, Juancho"
198,Willy,Hernangomez,9,C-F,Center-Forward,6,11,250,1626195,"{'urlName': 'hornets', 'city': 'Charlotte', 'nickname': 'Hornets', 'tricode': 'CHA'}",False,H,/players/willy/hernangomez/1626195,"Hernangomez, Willy"
199,Tyler,Herro,14,G,Guard,6,5,195,1629639,"{'urlName': 'heat', 'city': 'Miami', 'nickname': 'Heat', 'tricode': 'MIA'}",False,H,/players/tyler/herro/1629639,"Herro, Tyler"
200,Kevin,Hervey,15,F,Forward,6,9,230,1628987,"{'urlName': 'thunder', 'city': 'Oklahoma City', 'nickname': 'Thunder', 'tricode': 'OKC'}",False,H,/players/kevin/hervey/1628987,"Hervey, Kevin"
201,Mario,Hezonja,44,F-G,Forward-Guard,6,8,220,1626209,"{'urlName': 'blazers', 'city': 'Portland', 'nickname': 'Trail Blazers', 'tricode': 'POR'}",False,H,/players/mario/hezonja/1626209,"Hezonja, Mario"
202,Buddy,Hield,24,G,Guard,6,4,220,1627741,"{'urlName': 'kings', 'city': 'Sacramento', 'nickname': 'Kings', 'tricode': 'SAC'}",False,H,/players/buddy/hield/1627741,"Hield, Buddy"
203,George,Hill,3,G,Guard,6,3,188,201588,"{'urlName': 'bucks', 'city': 'Milwaukee', 'nickname': 'Bucks', 'tricode': 'MIL'}",False,H,/players/george/hill/201588,"Hill, George"
204,Solomon,Hill,44,F,Forward,6,6,226,203524,"{'urlName': 'heat', 'city': 'Miami', 'nickname': 'Heat', 'tricode': 'MIA'}",False,H,/players/solomon/hill/203524,"Hill, Solomon"
205,Jaylen,Hoard,6,F,Forward,6,8,216,1629658,"{'urlName': 'blazers', 'city': 'Portland', 'nickname': 'Trail Blazers', 'tricode': 'POR'}",False,H,/players/jaylen/hoard/1629658,"Hoard, Jaylen"
206,Aaron,Holiday,3,G,Guard,6,0,185,1628988,"{'urlName': 'pacers', 'city': 'Indiana', 'nickname': 'Pacers', 'tricode': 'IND'}",False,H,/players/aaron/holiday/1628988,"Holiday, Aaron"
207,Jrue,Holiday,11,G,Guard,6,3,205,201950,"{'urlName': 'pelicans', 'city': 'New Orleans', 'nickname': 'Pelicans', 'tricode': 'NOP'}",False,H,/players/jrue/holiday/201950,"Holiday, Jrue"
208,Justin,Holiday,8,F-G,Forward-Guard,6,6,180,203200,"{'urlName': 'pacers', 'city': 'Indiana', 'nickname': 'Pacers', 'tricode': 'IND'}",False,H,/players/justin/holiday/203200,"Holiday, Justin"
209,Rondae,Hollis-Jefferson,4,F,Forward,6,6,217,1626178,"{'urlName': 'raptors', 'city': 'Toronto', 'nickname': 'Raptors', 'tricode': 'TOR'}",False,H,/players/rondae/hollis-jefferson/1626178,"Hollis-Jefferson, Rondae"
210,Richaun,Holmes,22,F,Forward,6,10,235,1626158,"{'urlName': 'kings', 'city': 'Sacramento', 'nickname': 'Kings', 'tricode': 'SAC'}",False,H,/players/richaun/holmes/1626158,"Holmes, Richaun"
211,Rodney,Hood,5,G-F,Guard-Forward,6,8,208,203918,"{'urlName': 'blazers', 'city': 'Portland', 'nickname': 'Trail Blazers', 'tricode': 'POR'}",False,H,/players/rodney/hood/203918,"Hood, Rodney"
212,Al,Horford,42,C-F,Center-Forward,6,9,240,201143,"{'urlName': 'sixers', 'city': 'Philadelphia', 'nickname': '76ers', 'tricode': 'PHI'}",False,H,/players/al/horford/201143,"Horford, Al"
213,Talen,Horton-Tucker,5,G,Guard,6,4,234,1629659,"{'urlName': 'lakers', 'city': 'Los Angeles', 'nickname': 'Lakers', 'tricode': 'LAL'}",False,H,/players/talen/horton-tucker/1629659,"Horton-Tucker, Talen"
214,Danuel,House Jr.,4,F-G,Forward-Guard,6,6,220,1627863,"{'urlName': 'rockets', 'city': 'Houston', 'nickname': 'Rockets', 'tricode': 'HOU'}",False,H,/players/danuel/house_jr./1627863,"House Jr., Danuel"
215,Dwight,Howard,39,C-F,Center-Forward,6,10,265,2730,"{'urlName': 'lakers', 'city': 'Los Angeles', 'nickname': 'Lakers', 'tricode': 'LAL'}",False,H,/players/dwight/howard/2730,"Howard, Dwight"
216,William,Howard,52,F-G,Forward-Guard,6,8,207,1629739,"{'urlName': 'rockets', 'city': 'Houston', 'nickname': 'Rockets', 'tricode': 'HOU'}",False,H,/players/william/howard/1629739,"Howard, William"
217,Kevin,Huerter,3,G-F,Guard-Forward,6,7,190,1628989,"{'urlName': 'hawks', 'city': 'Atlanta', 'nickname': 'Hawks', 'tricode': 'ATL'}",False,H,/players/kevin/huerter/1628989,"Huerter, Kevin"
218,De'Andre,Hunter,12,F-G,Forward-Guard,6,7,225,1629631,"{'urlName': 'hawks', 'city': 'Atlanta', 'nickname': 'Hawks', 'tricode': 'ATL'}",False,H,/players/de'andre/hunter/1629631,"Hunter, De'Andre"
219,Chandler,Hutchison,15,F-G,Forward-Guard,6,7,210,1628990,"{'urlName': 'bulls', 'city': 'Chicago', 'nickname': 'Bulls', 'tricode': 'CHI'}",False,H,/players/chandler/hutchison/1628990,"Hutchison, Chandler"
220,Serge,Ibaka,9,F,Forward,7,0,235,201586,"{'urlName': 'raptors', 'city': 'Toronto', 'nickname': 'Raptors', 'tricode': 'TOR'}",False,I,/players/serge/ibaka/201586,"Ibaka, Serge"
221,Andre,Iguodala,28,G-F,Guard-Forward,6,6,215,2738,"{'urlName': 'heat', 'city': 'Miami', 'nickname': 'Heat', 'tricode': 'MIA'}",False,I,/players/andre/iguodala/2738,"Iguodala, Andre"
222,Ersan,Ilyasova,7,F,Forward,6,9,235,101141,"{'urlName': 'bucks', 'city': 'Milwaukee', 'nickname': 'Bucks', 'tricode': 'MIL'}",False,I,/players/ersan/ilyasova/101141,"Ilyasova, Ersan"
223,Joe,Ingles,2,F-G,Forward-Guard,6,7,220,204060,"{'urlName': 'jazz', 'city': 'Utah', 'nickname': 'Jazz', 'tricode': 'UTA'}",False,I,/players/joe/ingles/204060,"Ingles, Joe"
224,Brandon,Ingram,14,F,Forward,6,7,190,1627742,"{'urlName': 'pelicans', 'city': 'New Orleans', 'nickname': 'Pelicans', 'tricode': 'NOP'}",True,I,/players/brandon/ingram/1627742,"Ingram, Brandon"
225,Kyrie,Irving,11,G,Guard,6,2,195,202681,"{'urlName': 'nets', 'city': 'Brooklyn', 'nickname': 'Nets', 'tricode': 'BKN'}",False,I,/players/kyrie/irving/202681,"Irving, Kyrie"
226,Jonathan,Isaac,1,F,Forward,6,11,230,1628371,"{'urlName': 'magic', 'city': 'Orlando', 'nickname': 'Magic', 'tricode': 'ORL'}",False,I,/players/jonathan/isaac/1628371,"Isaac, Jonathan"
227,Wes,Iwundu,25,F,Forward,6,6,195,1628411,"{'urlName': 'magic', 'city': 'Orlando', 'nickname': 'Magic', 'tricode': 'ORL'}",False,I,/players/wes/iwundu/1628411,"Iwundu, Wes"
228,Jaren,Jackson Jr.,13,F-C,Forward-Center,6,11,242,1628991,"{'urlName': 'grizzlies', 'city': 'Memphis', 'nickname': 'Grizzlies', 'tricode': 'MEM'}",False,J,/players/jaren/jackson_jr./1628991,"Jackson Jr., Jaren"
229,Frank,Jackson,15,G,Guard,6,3,205,1628402,"{'urlName': 'pelicans', 'city': 'New Orleans', 'nickname': 'Pelicans', 'tricode': 'NOP'}",False,J,/players/frank/jackson/1628402,"Jackson, Frank"
230,Josh,Jackson,20,G-F,Guard-Forward,6,8,207,1628367,"{'urlName': 'grizzlies', 'city': 'Memphis', 'nickname': 'Grizzlies', 'tricode': 'MEM'}",False,J,/players/josh/jackson/1628367,"Jackson, Josh"
231,Justin,Jackson,44,F,Forward,6,7,220,1628382,"{'urlName': 'mavericks', 'city': 'Dallas', 'nickname': 'Mavericks', 'tricode': 'DAL'}",False,J,/players/justin/jackson/1628382,"Jackson, Justin"
232,Reggie,Jackson,1,G,Guard,6,3,208,202704,"{'urlName': 'clippers', 'city': 'LA', 'nickname': 'Clippers', 'tricode': 'LAC'}",False,J,/players/reggie/jackson/202704,"Jackson, Reggie"
233,Justin,James,10,G-F,Guard-Forward,6,7,190,1629713,"{'urlName': 'kings', 'city': 'Sacramento', 'nickname': 'Kings', 'tricode': 'SAC'}",False,J,/players/justin/james/1629713,"James, Justin"
234,LeBron,James,23,F,Forward,6,9,250,2544,"{'urlName': 'lakers', 'city': 'Los Angeles', 'nickname': 'Lakers', 'tricode': 'LAL'}",True,J,/players/lebron/james/2544,"James, LeBron"
235,DaQuan,Jeffries,19,G-F,Guard-Forward,6,5,230,1629610,"{'urlName': 'kings', 'city': 'Sacramento', 'nickname': 'Kings', 'tricode': 'SAC'}",False,J,/players/daquan/jeffries/1629610,"Jeffries, DaQuan"
236,Ty,Jerome,10,G-F,Guard-Forward,6,5,195,1629660,"{'urlName': 'suns', 'city': 'Phoenix', 'nickname': 'Suns', 'tricode': 'PHX'}",False,J,/players/ty/jerome/1629660,"Jerome, Ty"
237,Alize,Johnson,24,F,Forward,6,7,212,1628993,"{'urlName': 'pacers', 'city': 'Indiana', 'nickname': 'Pacers', 'tricode': 'IND'}",False,J,/players/alize/johnson/1628993,"Johnson, Alize"
238,BJ,Johnson,13,F,Forward,6,7,200,1629168,"{'urlName': 'magic', 'city': 'Orlando', 'nickname': 'Magic', 'tricode': 'ORL'}",False,J,/players/bj/johnson/1629168,"Johnson, BJ"
239,Cameron,Johnson,23,F,Forward,6,8,210,1629661,"{'urlName': 'suns', 'city': 'Phoenix', 'nickname': 'Suns', 'tricode': 'PHX'}",False,J,/players/cameron/johnson/1629661,"Johnson, Cameron"
240,James,Johnson,16,F,Forward,6,7,240,201949,"{'urlName': 'timberwolves', 'city': 'Minnesota', 'nickname': 'Timberwolves', 'tricode': 'MIN'}",False,J,/players/james/johnson/201949,"Johnson, James"
241,Keldon,Johnson,3,F-G,Forward-Guard,6,5,220,1629640,"{'urlName': 'spurs', 'city': 'San Antonio', 'nickname': 'Spurs', 'tricode': 'SAS'}",False,J,/players/keldon/johnson/1629640,"Johnson, Keldon"
242,Stanley,Johnson,5,F-G,Forward-Guard,6,6,242,1626169,"{'urlName': 'raptors', 'city': 'Toronto', 'nickname': 'Raptors', 'tricode': 'TOR'}",False,J,/players/stanley/johnson/1626169,"Johnson, Stanley"
243,Nikola,Jokic,15,C,Center,7,0,284,203999,"{'urlName': 'nuggets', 'city': 'Denver', 'nickname': 'Nuggets', 'tricode': 'DEN'}",True,J,/players/nikola/jokic/203999,"Jokic, Nikola"
244,Derrick,Jones Jr.,5,F,Forward,6,6,210,1627884,"{'urlName': 'heat', 'city': 'Miami', 'nickname': 'Heat', 'tricode': 'MIA'}",False,J,/players/derrick/jones_jr./1627884,"Jones Jr., Derrick"
245,Damian,Jones,30,C,Center,6,11,245,1627745,"{'urlName': 'hawks', 'city': 'Atlanta', 'nickname': 'Hawks', 'tricode': 'ATL'}",False,J,/players/damian/jones/1627745,"Jones, Damian"
246,Tyus,Jones,21,G,Guard,6,0,196,1626145,"{'urlName': 'grizzlies', 'city': 'Memphis', 'nickname': 'Grizzlies', 'tricode': 'MEM'}",False,J,/players/tyus/jones/1626145,"Jones, Tyus"
247,DeAndre,Jordan,6,C,Center,6,11,265,201599,"{'urlName': 'nets', 'city': 'Brooklyn', 'nickname': 'Nets', 'tricode': 'BKN'}",False,J,/players/deandre/jordan/201599,"Jordan, DeAndre"
248,Cory,Joseph,9,G,Guard,6,3,200,202709,"{'urlName': 'kings', 'city': 'Sacramento', 'nickname': 'Kings', 'tricode': 'SAC'}",False,J,/players/cory/joseph/202709,"Joseph, Cory"
249,Mfiondu,Kabengele,25,F-C,Forward-Center,6,9,250,1629662,"{'urlName': 'clippers', 'city': 'LA', 'nickname': 'Clippers', 'tricode': 'LAC'}",False,K,/players/mfiondu/kabengele/1629662,"Kabengele, Mfiondu"
250,Frank,Kaminsky,8,F-C,Forward-Center,7,0,240,1626163,"{'urlName': 'suns', 'city': 'Phoenix', 'nickname': 'Suns', 'tricode': 'PHX'}",False,K,/players/frank/kaminsky/1626163,"Kaminsky, Frank"
251,Enes,Kanter,11,C,Center,6,10,250,202683,"{'urlName': 'celtics', 'city': 'Boston', 'nickname': 'Celtics', 'tricode': 'BOS'}",False,K,/players/enes/kanter/202683,"Kanter, Enes"
252,Luke,Kennard,5,G,Guard,6,5,206,1628379,"{'urlName': 'pistons', 'city': 'Detroit', 'nickname': 'Pistons', 'tricode': 'DET'}",False,K,/players/luke/kennard/1628379,"Kennard, Luke"
253,Michael,Kidd-Gilchrist,9,F,Forward,6,6,232,203077,"{'urlName': 'mavericks', 'city': 'Dallas', 'nickname': 'Mavericks', 'tricode': 'DAL'}",False,K,/players/michael/kidd-gilchrist/203077,"Kidd-Gilchrist, Michael"
254,Louis,King,14,F,Forward,6,7,205,1629663,"{'urlName': 'pistons', 'city': 'Detroit', 'nickname': 'Pistons', 'tricode': 'DET'}",False,K,/players/louis/king/1629663,"King, Louis"
255,Maxi,Kleber,42,F,Forward,6,10,240,1628467,"{'urlName': 'mavericks', 'city': 'Dallas', 'nickname': 'Mavericks', 'tricode': 'DAL'}",False,K,/players/maxi/kleber/1628467,"Kleber, Maxi"
256,Brandon,Knight,20,G,Guard,6,2,182,202688,"{'urlName': 'pistons', 'city': 'Detroit', 'nickname': 'Pistons', 'tricode': 'DET'}",False,K,/players/brandon/knight/202688,"Knight, Brandon"
257,Kevin,Knox II,20,F,Forward,6,7,215,1628995,"{'urlName': 'knicks', 'city': 'New York', 'nickname': 'Knicks', 'tricode': 'NYK'}",False,K,/players/kevin/knox_ii/1628995,"Knox II, Kevin"
258,John,Konchar,46,G,Guard,6,5,210,1629723,"{'urlName': 'grizzlies', 'city': 'Memphis', 'nickname': 'Grizzlies', 'tricode': 'MEM'}",False,K,/players/john/konchar/1629723,"Konchar, John"
259,Furkan,Korkmaz,30,G-F,Guard-Forward,6,7,202,1627788,"{'urlName': 'sixers', 'city': 'Philadelphia', 'nickname': '76ers', 'tricode': 'PHI'}",False,K,/players/furkan/korkmaz/1627788,"Korkmaz, Furkan"
260,Luke,Kornet,2,F-C,Forward-Center,7,2,250,1628436,"{'urlName': 'bulls', 'city': 'Chicago', 'nickname': 'Bulls', 'tricode': 'CHI'}",False,K,/players/luke/kornet/1628436,"Kornet, Luke"
261,Kyle,Korver,26,G-F,Guard-Forward,6,7,212,2594,"{'urlName': 'bucks', 'city': 'Milwaukee', 'nickname': 'Bucks', 'tricode': 'MIL'}",False,K,/players/kyle/korver/2594,"Korver, Kyle"
262,Rodions,Kurucs,00,F,Forward,6,9,228,1629066,"{'urlName': 'nets', 'city': 'Brooklyn', 'nickname': 'Nets', 'tricode': 'BKN'}",False,K,/players/rodions/kurucs/1629066,"Kurucs, Rodions"
263,Kyle,Kuzma,0,F,Forward,6,8,221,1628398,"{'urlName': 'lakers', 'city': 'Los Angeles', 'nickname': 'Lakers', 'tricode': 'LAL'}",False,K,/players/kyle/kuzma/1628398,"Kuzma, Kyle"
264,Skal,Labissiere,7,F-C,Forward-Center,6,10,235,1627746,"{'urlName': 'hawks', 'city': 'Atlanta', 'nickname': 'Hawks', 'tricode': 'ATL'}",False,L,/players/skal/labissiere/1627746,"Labissiere, Skal"
265,Jeremy,Lamb,26,G-F,Guard-Forward,6,5,180,203087,"{'urlName': 'pacers', 'city': 'Indiana', 'nickname': 'Pacers', 'tricode': 'IND'}",False,L,/players/jeremy/lamb/203087,"Lamb, Jeremy"
266,Romeo,Langford,45,G-F,Guard-Forward,6,4,216,1629641,"{'urlName': 'celtics', 'city': 'Boston', 'nickname': 'Celtics', 'tricode': 'BOS'}",False,L,/players/romeo/langford/1629641,"Langford, Romeo"
267,Zach,LaVine,8,G-F,Guard-Forward,6,6,200,203897,"{'urlName': 'bulls', 'city': 'Chicago', 'nickname': 'Bulls', 'tricode': 'CHI'}",False,L,/players/zach/lavine/203897,"LaVine, Zach"
268,Vic,Law,23,F,Forward,6,7,201,1629724,"{'urlName': 'magic', 'city': 'Orlando', 'nickname': 'Magic', 'tricode': 'ORL'}",False,L,/players/vic/law/1629724,"Law, Vic"
269,Jake,Layman,10,F,Forward,6,8,209,1627774,"{'urlName': 'timberwolves', 'city': 'Minnesota', 'nickname': 'Timberwolves', 'tricode': 'MIN'}",False,L,/players/jake/layman/1627774,"Layman, Jake"
270,TJ,Leaf,22,F,Forward,6,10,222,1628388,"{'urlName': 'pacers', 'city': 'Indiana', 'nickname': 'Pacers', 'tricode': 'IND'}",False,L,/players/tj/leaf/1628388,"Leaf, TJ"
271,Jalen,Lecque,0,G,Guard,6,4,185,1629665,"{'urlName': 'suns', 'city': 'Phoenix', 'nickname': 'Suns', 'tricode': 'PHX'}",False,L,/players/jalen/lecque/1629665,"Lecque, Jalen"
272,Courtney,Lee,1,G,Guard,6,5,215,201584,"{'urlName': 'mavericks', 'city': 'Dallas', 'nickname': 'Mavericks', 'tricode': 'DAL'}",False,L,/players/courtney/lee/201584,"Lee, Courtney"
273,Damion,Lee,1,G-F,Guard-Forward,6,5,210,1627814,"{'urlName': 'warriors', 'city': 'Golden State', 'nickname': 'Warriors', 'tricode': 'GSW'}",False,L,/players/damion/lee/1627814,"Lee, Damion"
274,Alex,Len,25,C,Center,7,0,250,203458,"{'urlName': 'kings', 'city': 'Sacramento', 'nickname': 'Kings', 'tricode': 'SAC'}",False,L,/players/alex/len/203458,"Len, Alex"
275,Kawhi,Leonard,2,F,Forward,6,7,225,202695,"{'urlName': 'clippers', 'city': 'LA', 'nickname': 'Clippers', 'tricode': 'LAC'}",True,L,/players/kawhi/leonard/202695,"Leonard, Kawhi"
276,Meyers,Leonard,0,F-C,Forward-Center,7,0,260,203086,"{'urlName': 'heat', 'city': 'Miami', 'nickname': 'Heat', 'tricode': 'MIA'}",False,L,/players/meyers/leonard/203086,"Leonard, Meyers"
277,Caris,LeVert,22,G,Guard,6,6,205,1627747,"{'urlName': 'nets', 'city': 'Brooklyn', 'nickname': 'Nets', 'tricode': 'BKN'}",False,L,/players/caris/levert/1627747,"LeVert, Caris"
278,Damian,Lillard,0,G,Guard,6,2,195,203081,"{'urlName': 'blazers', 'city': 'Portland', 'nickname': 'Trail Blazers', 'tricode': 'POR'}",True,L,/players/damian/lillard/203081,"Lillard, Damian"
279,Nassir,Little,9,F-G,Forward-Guard,6,5,220,1629642,"{'urlName': 'blazers', 'city': 'Portland', 'nickname': 'Trail Blazers', 'tricode': 'POR'}",False,L,/players/nassir/little/1629642,"Little, Nassir"
280,Kevon,Looney,5,F,Forward,6,9,222,1626172,"{'urlName': 'warriors', 'city': 'Golden State', 'nickname': 'Warriors', 'tricode': 'GSW'}",False,L,/players/kevon/looney/1626172,"Looney, Kevon"
281,Brook,Lopez,11,C,Center,7,0,282,201572,"{'urlName': 'bucks', 'city': 'Milwaukee', 'nickname': 'Bucks', 'tricode': 'MIL'}",False,L,/players/brook/lopez/201572,"Lopez, Brook"
282,Robin,Lopez,42,C,Center,7,0,281,201577,"{'urlName': 'bucks', 'city': 'Milwaukee', 'nickname': 'Bucks', 'tricode': 'MIL'}",False,L,/players/robin/lopez/201577,"Lopez, Robin"
283,Kevin,Love,0,F-C,Forward-Center,6,8,251,201567,"{'urlName': 'cavaliers', 'city': 'Cleveland', 'nickname': 'Cavaliers', 'tricode': 'CLE'}",False,L,/players/kevin/love/201567,"Love, Kevin"
284,Kyle,Lowry,7,G,Guard,6,0,196,200768,"{'urlName': 'raptors', 'city': 'Toronto', 'nickname': 'Raptors', 'tricode': 'TOR'}",True,L,/players/kyle/lowry/200768,"Lowry, Kyle"
285,Timothe,Luwawu-Cabarrot,9,G-F,Guard-Forward,6,7,220,1627789,"{'urlName': 'nets', 'city': 'Brooklyn', 'nickname': 'Nets', 'tricode': 'BKN'}",False,L,/players/timothe/luwawu-cabarrot/1627789,"Luwawu-Cabarrot, Timothe"
286,Trey,Lyles,41,F,Forward,6,9,234,1626168,"{'urlName': 'spurs', 'city': 'San Antonio', 'nickname': 'Spurs', 'tricode': 'SAS'}",False,L,/players/trey/lyles/1626168,"Lyles, Trey"
287,Sheldon,Mac,9,G,Guard,6,5,198,1627815,"{'urlName': 'cavaliers', 'city': 'Cleveland', 'nickname': 'Cavaliers', 'tricode': 'CLE'}",False,M,/players/sheldon/mac/1627815,"Mac, Sheldon"
288,Ian,Mahinmi,28,C,Center,6,11,262,101133,"{'urlName': 'wizards', 'city': 'Washington', 'nickname': 'Wizards', 'tricode': 'WAS'}",False,M,/players/ian/mahinmi/101133,"Mahinmi, Ian"
289,Thon,Maker,7,F-C,Forward-Center,7,0,221,1627748,"{'urlName': 'pistons', 'city': 'Detroit', 'nickname': 'Pistons', 'tricode': 'DET'}",False,M,/players/thon/maker/1627748,"Maker, Thon"
290,Terance,Mann,14,G-F,Guard-Forward,6,5,215,1629611,"{'urlName': 'clippers', 'city': 'LA', 'nickname': 'Clippers', 'tricode': 'LAC'}",False,M,/players/terance/mann/1629611,"Mann, Terance"
291,Boban,Marjanovic,51,C,Center,7,4,290,1626246,"{'urlName': 'mavericks', 'city': 'Dallas', 'nickname': 'Mavericks', 'tricode': 'DAL'}",False,M,/players/boban/marjanovic/1626246,"Marjanovic, Boban"
292,Lauri,Markkanen,24,F-C,Forward-Center,7,0,240,1628374,"{'urlName': 'bulls', 'city': 'Chicago', 'nickname': 'Bulls', 'tricode': 'CHI'}",False,M,/players/lauri/markkanen/1628374,"Markkanen, Lauri"
293,Caleb,Martin,10,F,Forward,6,5,205,1628997,"{'urlName': 'hornets', 'city': 'Charlotte', 'nickname': 'Hornets', 'tricode': 'CHA'}",False,M,/players/caleb/martin/1628997,"Martin, Caleb"
294,Cody,Martin,11,F,Forward,6,5,205,1628998,"{'urlName': 'hornets', 'city': 'Charlotte', 'nickname': 'Hornets', 'tricode': 'CHA'}",False,M,/players/cody/martin/1628998,"Martin, Cody"
295,Jeremiah,Martin,0,G,Guard,6,2,185,1629725,"{'urlName': 'nets', 'city': 'Brooklyn', 'nickname': 'Nets', 'tricode': 'BKN'}",False,M,/players/jeremiah/martin/1629725,"Martin, Jeremiah"
296,Kelan,Martin,30,F,Forward,6,5,230,1629103,"{'urlName': 'timberwolves', 'city': 'Minnesota', 'nickname': 'Timberwolves', 'tricode': 'MIN'}",False,M,/players/kelan/martin/1629103,"Martin, Kelan"
297,Frank,Mason,15,G,Guard,5,11,190,1628412,"{'urlName': 'bucks', 'city': 'Milwaukee', 'nickname': 'Bucks', 'tricode': 'MIL'}",False,M,/players/frank/mason/1628412,"Mason, Frank"
298,Garrison,Mathews,24,G,Guard,6,5,215,1629726,"{'urlName': 'wizards', 'city': 'Washington', 'nickname': 'Wizards', 'tricode': 'WAS'}",False,M,/players/garrison/mathews/1629726,"Mathews, Garrison"
299,Wesley,Matthews,9,G,Guard,6,4,220,202083,"{'urlName': 'bucks', 'city': 'Milwaukee', 'nickname': 'Bucks', 'tricode': 'MIL'}",False,M,/players/wesley/matthews/202083,"Matthews, Wesley"
300,Patrick,McCaw,22,G,Guard,6,7,181,1627775,"{'urlName': 'raptors', 'city': 'Toronto', 'nickname': 'Raptors', 'tricode': 'TOR'}",False,M,/players/patrick/mccaw/1627775,"McCaw, Patrick"
301,CJ,McCollum,3,G,Guard,6,3,190,203468,"{'urlName': 'blazers', 'city': 'Portland', 'nickname': 'Trail Blazers', 'tricode': 'POR'}",False,M,/players/cj/mccollum/203468,"McCollum, CJ"
302,T.J.,McConnell,9,G,Guard,6,1,190,204456,"{'urlName': 'pacers', 'city': 'Indiana', 'nickname': 'Pacers', 'tricode': 'IND'}",False,M,/players/t.j./mcconnell/204456,"McConnell, T.J."
303,Jalen,McDaniels,6,F-C,Forward-Center,6,10,205,1629667,"{'urlName': 'hornets', 'city': 'Charlotte', 'nickname': 'Hornets', 'tricode': 'CHA'}",False,M,/players/jalen/mcdaniels/1629667,"McDaniels, Jalen"
304,Doug,McDermott,20,F,Forward,6,7,225,203926,"{'urlName': 'pacers', 'city': 'Indiana', 'nickname': 'Pacers', 'tricode': 'IND'}",False,M,/players/doug/mcdermott/203926,"McDermott, Doug"
305,JaVale,McGee,7,C-F,Center-Forward,7,0,270,201580,"{'urlName': 'lakers', 'city': 'Los Angeles', 'nickname': 'Lakers', 'tricode': 'LAL'}",False,M,/players/javale/mcgee/201580,"McGee, JaVale"
306,Rodney,McGruder,19,G,Guard,6,4,205,203585,"{'urlName': 'clippers', 'city': 'LA', 'nickname': 'Clippers', 'tricode': 'LAC'}",False,M,/players/rodney/mcgruder/203585,"McGruder, Rodney"
307,Alfonzo,McKinnie,28,F,Forward,6,7,215,1628035,"{'urlName': 'cavaliers', 'city': 'Cleveland', 'nickname': 'Cavaliers', 'tricode': 'CLE'}",False,M,/players/alfonzo/mckinnie/1628035,"McKinnie, Alfonzo"
308,Jordan,McLaughlin,6,G,Guard,5,11,185,1629162,"{'urlName': 'timberwolves', 'city': 'Minnesota', 'nickname': 'Timberwolves', 'tricode': 'MIN'}",False,M,/players/jordan/mclaughlin/1629162,"McLaughlin, Jordan"
309,Ben,McLemore,16,G,Guard,6,3,195,203463,"{'urlName': 'rockets', 'city': 'Houston', 'nickname': 'Rockets', 'tricode': 'HOU'}",False,M,/players/ben/mclemore/203463,"McLemore, Ben"
310,Jordan,McRae,52,G,Guard,6,5,179,203895,"{'urlName': 'pistons', 'city': 'Detroit', 'nickname': 'Pistons', 'tricode': 'DET'}",False,M,/players/jordan/mcrae/203895,"McRae, Jordan"
311,Nicolo,Melli,20,F,Forward,6,9,236,1629740,"{'urlName': 'pelicans', 'city': 'New Orleans', 'nickname': 'Pelicans', 'tricode': 'NOP'}",False,M,/players/nicolo/melli/1629740,"Melli, Nicolo"
312,De'Anthony,Melton,0,G,Guard,6,2,200,1629001,"{'urlName': 'grizzlies', 'city': 'Memphis', 'nickname': 'Grizzlies', 'tricode': 'MEM'}",False,M,/players/de'anthony/melton/1629001,"Melton, De'Anthony"
313,Chimezie,Metu,7,F-C,Forward-Center,6,9,225,1629002,"{'urlName': 'spurs', 'city': 'San Antonio', 'nickname': 'Spurs', 'tricode': 'SAS'}",False,M,/players/chimezie/metu/1629002,"Metu, Chimezie"
314,Khris,Middleton,22,F,Forward,6,7,222,203114,"{'urlName': 'bucks', 'city': 'Milwaukee', 'nickname': 'Bucks', 'tricode': 'MIL'}",True,M,/players/khris/middleton/203114,"Middleton, Khris"
315,Darius,Miller,21,F,Forward,6,6,225,203121,"{'urlName': 'pelicans', 'city': 'New Orleans', 'nickname': 'Pelicans', 'tricode': 'NOP'}",False,M,/players/darius/miller/203121,"Miller, Darius"
316,Malcolm,Miller,13,G-F,Guard-Forward,6,7,210,1626259,"{'urlName': 'raptors', 'city': 'Toronto', 'nickname': 'Raptors', 'tricode': 'TOR'}",False,M,/players/malcolm/miller/1626259,"Miller, Malcolm"
317,Paul,Millsap,4,F,Forward,6,7,257,200794,"{'urlName': 'nuggets', 'city': 'Denver', 'nickname': 'Nuggets', 'tricode': 'DEN'}",False,M,/players/paul/millsap/200794,"Millsap, Paul"
318,Patty,Mills,8,G,Guard,6,1,180,201988,"{'urlName': 'spurs', 'city': 'San Antonio', 'nickname': 'Spurs', 'tricode': 'SAS'}",False,M,/players/patty/mills/201988,"Mills, Patty"
319,Shake,Milton,18,G-F,Guard-Forward,6,5,205,1629003,"{'urlName': 'sixers', 'city': 'Philadelphia', 'nickname': '76ers', 'tricode': 'PHI'}",False,M,/players/shake/milton/1629003,"Milton, Shake"
320,Donovan,Mitchell,45,G,Guard,6,1,215,1628378,"{'urlName': 'jazz', 'city': 'Utah', 'nickname': 'Jazz', 'tricode': 'UTA'}",True,M,/players/donovan/mitchell/1628378,"Mitchell, Donovan"
321,Naz,Mitrou-Long,15,G,Guard,6,3,218,1628513,"{'urlName': 'pacers', 'city': 'Indiana', 'nickname': 'Pacers', 'tricode': 'IND'}",False,M,/players/naz/mitrou-long/1628513,"Mitrou-Long, Naz"
322,Adam,Mokoka,20,G,Guard,6,5,190,1629690,"{'urlName': 'bulls', 'city': 'Chicago', 'nickname': 'Bulls', 'tricode': 'CHI'}",False,M,/players/adam/mokoka/1629690,"Mokoka, Adam"
323,Malik,Monk,1,G,Guard,6,3,200,1628370,"{'urlName': 'hornets', 'city': 'Charlotte', 'nickname': 'Hornets', 'tricode': 'CHA'}",False,M,/players/malik/monk/1628370,"Monk, Malik"
324,Matt,Mooney,31,G,Guard,6,2,199,1629760,"{'urlName': 'cavaliers', 'city': 'Cleveland', 'nickname': 'Cavaliers', 'tricode': 'CLE'}",False,M,/players/matt/mooney/1629760,"Mooney, Matt"
325,E'Twaun,Moore,55,G,Guard,6,3,191,202734,"{'urlName': 'pelicans', 'city': 'New Orleans', 'nickname': 'Pelicans', 'tricode': 'NOP'}",False,M,/players/e'twaun/moore/202734,"Moore, E'Twaun"
326,Ja,Morant,12,G,Guard,6,3,174,1629630,"{'urlName': 'grizzlies', 'city': 'Memphis', 'nickname': 'Grizzlies', 'tricode': 'MEM'}",False,M,/players/ja/morant/1629630,"Morant, Ja"
327,Juwan,Morgan,16,F,Forward,6,7,232,1629752,"{'urlName': 'jazz', 'city': 'Utah', 'nickname': 'Jazz', 'tricode': 'UTA'}",False,M,/players/juwan/morgan/1629752,"Morgan, Juwan"
328,Marcus,Morris Sr.,31,F,Forward,6,8,218,202694,"{'urlName': 'clippers', 'city': 'LA', 'nickname': 'Clippers', 'tricode': 'LAC'}",False,M,/players/marcus/morris_sr./202694,"Morris Sr., Marcus"
329,Markieff,Morris,88,F,Forward,6,8,245,202693,"{'urlName': 'lakers', 'city': 'Los Angeles', 'nickname': 'Lakers', 'tricode': 'LAL'}",False,M,/players/markieff/morris/202693,"Morris, Markieff"
330,Monte,Morris,11,G,Guard,6,2,183,1628420,"{'urlName': 'nuggets', 'city': 'Denver', 'nickname': 'Nuggets', 'tricode': 'DEN'}",False,M,/players/monte/morris/1628420,"Morris, Monte"
331,Johnathan,Motley,15,F,Forward,6,8,230,1628405,"{'urlName': 'clippers', 'city': 'LA', 'nickname': 'Clippers', 'tricode': 'LAC'}",False,M,/players/johnathan/motley/1628405,"Motley, Johnathan"
332,Emmanuel,Mudiay,15,G,Guard,6,3,200,1626144,"{'urlName': 'jazz', 'city': 'Utah', 'nickname': 'Jazz', 'tricode': 'UTA'}",False,M,/players/emmanuel/mudiay/1626144,"Mudiay, Emmanuel"
333,Mychal,Mulder,12,G,Guard,6,3,184,1628539,"{'urlName': 'warriors', 'city': 'Golden State', 'nickname': 'Warriors', 'tricode': 'GSW'}",False,M,/players/mychal/mulder/1628539,"Mulder, Mychal"
334,Dejounte,Murray,5,G,Guard,6,4,180,1627749,"{'urlName': 'spurs', 'city': 'San Antonio', 'nickname': 'Spurs', 'tricode': 'SAS'}",False,M,/players/dejounte/murray/1627749,"Murray, Dejounte"
335,Jamal,Murray,27,G,Guard,6,4,215,1627750,"{'urlName': 'nuggets', 'city': 'Denver', 'nickname': 'Nuggets', 'tricode': 'DEN'}",False,M,/players/jamal/murray/1627750,"Murray, Jamal"
336,Dzanan,Musa,13,G-F,Guard-Forward,6,9,217,1629058,"{'urlName': 'nets', 'city': 'Brooklyn', 'nickname': 'Nets', 'tricode': 'BKN'}",False,M,/players/dzanan/musa/1629058,"Musa, Dzanan"
337,Mike,Muscala,33,F-C,Forward-Center,6,10,240,203488,"{'urlName': 'thunder', 'city': 'Oklahoma City', 'nickname': 'Thunder', 'tricode': 'OKC'}",False,M,/players/mike/muscala/203488,"Muscala, Mike"
338,Svi,Mykhailiuk,19,G-F,Guard-Forward,6,7,205,1629004,"{'urlName': 'pistons', 'city': 'Detroit', 'nickname': 'Pistons', 'tricode': 'DET'}",False,M,/players/svi/mykhailiuk/1629004,"Mykhailiuk, Svi"
339,Abdel,Nader,11,F,Forward,6,5,225,1627846,"{'urlName': 'thunder', 'city': 'Oklahoma City', 'nickname': 'Thunder', 'tricode': 'OKC'}",False,N,/players/abdel/nader/1627846,"Nader, Abdel"
340,Larry,Nance Jr.,22,F-C,Forward-Center,6,7,245,1626204,"{'urlName': 'cavaliers', 'city': 'Cleveland', 'nickname': 'Cavaliers', 'tricode': 'CLE'}",False,N,/players/larry/nance_jr./1626204,"Nance Jr., Larry"
341,Shabazz,Napier,5,G,Guard,6,0,175,203894,"{'urlName': 'wizards', 'city': 'Washington', 'nickname': 'Wizards', 'tricode': 'WAS'}",False,N,/players/shabazz/napier/203894,"Napier, Shabazz"
342,Raul,Neto,19,G,Guard,6,1,180,203526,"{'urlName': 'sixers', 'city': 'Philadelphia', 'nickname': '76ers', 'tricode': 'PHI'}",False,N,/players/raul/neto/203526,"Neto, Raul"
343,Georges,Niang,31,F,Forward,6,7,230,1627777,"{'urlName': 'jazz', 'city': 'Utah', 'nickname': 'Jazz', 'tricode': 'UTA'}",False,N,/players/georges/niang/1627777,"Niang, Georges"
344,Joakim,Noah,55,F-C,Forward-Center,6,11,232,201149,"{'urlName': 'clippers', 'city': 'LA', 'nickname': 'Clippers', 'tricode': 'LAC'}",False,N,/players/joakim/noah/201149,"Noah, Joakim"
345,Nerlens,Noel,9,C-F,Center-Forward,6,10,220,203457,"{'urlName': 'thunder', 'city': 'Oklahoma City', 'nickname': 'Thunder', 'tricode': 'OKC'}",False,N,/players/nerlens/noel/203457,"Noel, Nerlens"
346,Jaylen,Nowell,4,G,Guard,6,4,201,1629669,"{'urlName': 'timberwolves', 'city': 'Minnesota', 'nickname': 'Timberwolves', 'tricode': 'MIN'}",False,N,/players/jaylen/nowell/1629669,"Nowell, Jaylen"
347,Frank,Ntilikina,11,G,Guard,6,4,200,1628373,"{'urlName': 'knicks', 'city': 'New York', 'nickname': 'Knicks', 'tricode': 'NYK'}",False,N,/players/frank/ntilikina/1628373,"Ntilikina, Frank"
348,Kendrick,Nunn,25,G,Guard,6,2,190,1629134,"{'urlName': 'heat', 'city': 'Miami', 'nickname': 'Heat', 'tricode': 'MIA'}",False,N,/players/kendrick/nunn/1629134,"Nunn, Kendrick"
349,Jusuf,Nurkic,27,C,Center,7,0,290,203994,"{'urlName': 'blazers', 'city': 'Portland', 'nickname': 'Trail Blazers', 'tricode': 'POR'}",False,N,/players/jusuf/nurkic/203994,"Nurkic, Jusuf"
350,Royce,O'Neale,23,F,Forward,6,4,226,1626220,"{'urlName': 'jazz', 'city': 'Utah', 'nickname': 'Jazz', 'tricode': 'UTA'}",False,O,/players/royce/o'neale/1626220,"O'Neale, Royce"
351,Kyle,O'Quinn,9,C-F,Center-Forward,6,9,250,203124,"{'urlName': 'sixers', 'city': 'Philadelphia', 'nickname': '76ers', 'tricode': 'PHI'}",False,O,/players/kyle/o'quinn/203124,"O'Quinn, Kyle"
352,Semi,Ojeleye,37,F,Forward,6,6,240,1628400,"{'urlName': 'celtics', 'city': 'Boston', 'nickname': 'Celtics', 'tricode': 'BOS'}",False,O,/players/semi/ojeleye/1628400,"Ojeleye, Semi"
353,Jahlil,Okafor,9,C-F,Center-Forward,6,10,270,1626143,"{'urlName': 'pelicans', 'city': 'New Orleans', 'nickname': 'Pelicans', 'tricode': 'NOP'}",False,O,/players/jahlil/okafor/1626143,"Okafor, Jahlil"
354,Elie,Okobo,2,F-G,Forward-Guard,6,3,190,1629059,"{'urlName': 'suns', 'city': 'Phoenix', 'nickname': 'Suns', 'tricode': 'PHX'}",False,O,/players/elie/okobo/1629059,"Okobo, Elie"
355,Josh,Okogie,20,G,Guard,6,4,213,1629006,"{'urlName': 'timberwolves', 'city': 'Minnesota', 'nickname': 'Timberwolves', 'tricode': 'MIN'}",False,O,/players/josh/okogie/1629006,"Okogie, Josh"
356,KZ,Okpala,4,F-G,Forward-Guard,6,8,215,1629644,"{'urlName': 'heat', 'city': 'Miami', 'nickname': 'Heat', 'tricode': 'MIA'}",False,O,/players/kz/okpala/1629644,"Okpala, KZ"
357,Victor,Oladipo,4,G,Guard,6,4,213,203506,"{'urlName': 'pacers', 'city': 'Indiana', 'nickname': 'Pacers', 'tricode': 'IND'}",False,O,/players/victor/oladipo/203506,"Oladipo, Victor"
358,Kelly,Olynyk,9,F-C,Forward-Center,6,11,240,203482,"{'urlName': 'heat', 'city': 'Miami', 'nickname': 'Heat', 'tricode': 'MIA'}",False,O,/players/kelly/olynyk/203482,"Olynyk, Kelly"
359,Miye,Oni,81,G-F,Guard-Forward,6,5,206,1629671,"{'urlName': 'jazz', 'city': 'Utah', 'nickname': 'Jazz', 'tricode': 'UTA'}",False,O,/players/miye/oni/1629671,"Oni, Miye"
360,Cedi,Osman,16,F,Forward,6,7,230,1626224,"{'urlName': 'cavaliers', 'city': 'Cleveland', 'nickname': 'Cavaliers', 'tricode': 'CLE'}",False,O,/players/cedi/osman/1626224,"Osman, Cedi"
361,Kelly,Oubre Jr.,3,F-G,Forward-Guard,6,7,203,1626162,"{'urlName': 'suns', 'city': 'Phoenix', 'nickname': 'Suns', 'tricode': 'PHX'}",False,O,/players/kelly/oubre_jr./1626162,"Oubre Jr., Kelly"
362,Tariq,Owens,41,F,Forward,6,10,205,1629745,"{'urlName': 'suns', 'city': 'Phoenix', 'nickname': 'Suns', 'tricode': 'PHX'}",False,O,/players/tariq/owens/1629745,"Owens, Tariq"
363,Jabari,Parker,33,F,Forward,6,8,245,203953,"{'urlName': 'kings', 'city': 'Sacramento', 'nickname': 'Kings', 'tricode': 'SAC'}",False,P,/players/jabari/parker/203953,"Parker, Jabari"
364,Eric,Paschall,7,F,Forward,6,6,255,1629672,"{'urlName': 'warriors', 'city': 'Golden State', 'nickname': 'Warriors', 'tricode': 'GSW'}",False,P,/players/eric/paschall/1629672,"Paschall, Eric"
365,Anzejs,Pasecniks,18,C-F,Center-Forward,7,2,229,1628394,"{'urlName': 'wizards', 'city': 'Washington', 'nickname': 'Wizards', 'tricode': 'WAS'}",False,P,/players/anzejs/pasecniks/1628394,"Pasecniks, Anzejs"
366,Patrick,Patterson,54,F,Forward,6,8,235,202335,"{'urlName': 'clippers', 'city': 'LA', 'nickname': 'Clippers', 'tricode': 'LAC'}",False,P,/players/patrick/patterson/202335,"Patterson, Patrick"
367,Chris,Paul,3,G,Guard,6,1,175,101108,"{'urlName': 'thunder', 'city': 'Oklahoma City', 'nickname': 'Thunder', 'tricode': 'OKC'}",True,P,/players/chris/paul/101108,"Paul, Chris"
368,Gary,Payton II,4,G,Guard,6,3,195,1627780,"{'urlName': 'wizards', 'city': 'Washington', 'nickname': 'Wizards', 'tricode': 'WAS'}",False,P,/players/gary/payton_ii/1627780,"Payton II, Gary"
369,Elfrid,Payton,6,G,Guard,6,3,195,203901,"{'urlName': 'knicks', 'city': 'New York', 'nickname': 'Knicks', 'tricode': 'NYK'}",False,P,/players/elfrid/payton/203901,"Payton, Elfrid"
370,Norvel,Pelle,14,F,Forward,6,10,231,203658,"{'urlName': 'sixers', 'city': 'Philadelphia', 'nickname': '76ers', 'tricode': 'PHI'}",False,P,/players/norvel/pelle/203658,"Pelle, Norvel"
371,Theo,Pinson,1,G-F,Guard-Forward,6,5,212,1629033,"{'urlName': 'nets', 'city': 'Brooklyn', 'nickname': 'Nets', 'tricode': 'BKN'}",False,P,/players/theo/pinson/1629033,"Pinson, Theo"
372,Mason,Plumlee,7,F-C,Forward-Center,6,11,254,203486,"{'urlName': 'nuggets', 'city': 'Denver', 'nickname': 'Nuggets', 'tricode': 'DEN'}",False,P,/players/mason/plumlee/203486,"Plumlee, Mason"
373,Jakob,Poeltl,25,C,Center,7,1,245,1627751,"{'urlName': 'spurs', 'city': 'San Antonio', 'nickname': 'Spurs', 'tricode': 'SAS'}",False,P,/players/jakob/poeltl/1627751,"Poeltl, Jakob"
374,Sir'Dominic,Pointer,,G-F,Guard-Forward,6,6,192,1626218,"{'urlName': 'cavaliers', 'city': 'Cleveland', 'nickname': 'Cavaliers', 'tricode': 'CLE'}",False,P,/players/sir'dominic/pointer/1626218,"Pointer, Sir'Dominic"
375,Vincent,Poirier,77,C-F,Center-Forward,7,0,235,1629738,"{'urlName': 'celtics', 'city': 'Boston', 'nickname': 'Celtics', 'tricode': 'BOS'}",False,P,/players/vincent/poirier/1629738,"Poirier, Vincent"
376,Jordan,Poole,3,G,Guard,6,4,194,1629673,"{'urlName': 'warriors', 'city': 'Golden State', 'nickname': 'Warriors', 'tricode': 'GSW'}",False,P,/players/jordan/poole/1629673,"Poole, Jordan"
377,Kevin,Porter Jr.,4,G-F,Guard-Forward,6,4,203,1629645,"{'urlName': 'cavaliers', 'city': 'Cleveland', 'nickname': 'Cavaliers', 'tricode': 'CLE'}",False,P,/players/kevin/porter_jr./1629645,"Porter Jr., Kevin"
378,Michael,Porter Jr.,1,F,Forward,6,10,218,1629008,"{'urlName': 'nuggets', 'city': 'Denver', 'nickname': 'Nuggets', 'tricode': 'DEN'}",False,P,/players/michael/porter_jr./1629008,"Porter Jr., Michael"
379,Otto,Porter Jr.,22,F,Forward,6,8,198,203490,"{'urlName': 'bulls', 'city': 'Chicago', 'nickname': 'Bulls', 'tricode': 'CHI'}",False,P,/players/otto/porter_jr./203490,"Porter Jr., Otto"
380,Jontay,Porter,,C-F,Center-Forward,6,11,240,1629007,"{'urlName': 'grizzlies', 'city': 'Memphis', 'nickname': 'Grizzlies', 'tricode': 'MEM'}",False,P,/players/jontay/porter/1629007,"Porter, Jontay"
381,Bobby,Portis,1,F,Forward,6,10,250,1626171,"{'urlName': 'knicks', 'city': 'New York', 'nickname': 'Knicks', 'tricode': 'NYK'}",False,P,/players/bobby/portis/1626171,"Portis, Bobby"
382,Kristaps,Porzingis,6,F-C,Forward-Center,7,3,240,204001,"{'urlName': 'mavericks', 'city': 'Dallas', 'nickname': 'Mavericks', 'tricode': 'DAL'}",False,P,/players/kristaps/porzingis/204001,"Porzingis, Kristaps"
383,Dwight,Powell,7,F-C,Forward-Center,6,10,240,203939,"{'urlName': 'mavericks', 'city': 'Dallas', 'nickname': 'Mavericks', 'tricode': 'DAL'}",False,P,/players/dwight/powell/203939,"Powell, Dwight"
384,Norman,Powell,24,G,Guard,6,3,215,1626181,"{'urlName': 'raptors', 'city': 'Toronto', 'nickname': 'Raptors', 'tricode': 'TOR'}",False,P,/players/norman/powell/1626181,"Powell, Norman"
385,Taurean,Prince,2,F,Forward,6,7,218,1627752,"{'urlName': 'nets', 'city': 'Brooklyn', 'nickname': 'Nets', 'tricode': 'BKN'}",False,P,/players/taurean/prince/1627752,"Prince, Taurean"
386,Chasson,Randle,9,G,Guard,6,2,185,1626184,"{'urlName': 'warriors', 'city': 'Golden State', 'nickname': 'Warriors', 'tricode': 'GSW'}",False,R,/players/chasson/randle/1626184,"Randle, Chasson"
387,Julius,Randle,30,F-C,Forward-Center,6,8,250,203944,"{'urlName': 'knicks', 'city': 'New York', 'nickname': 'Knicks', 'tricode': 'NYK'}",False,R,/players/julius/randle/203944,"Randle, Julius"
388,Josh,Reaves,23,G-F,Guard-Forward,6,4,214,1629729,"{'urlName': 'mavericks', 'city': 'Dallas', 'nickname': 'Mavericks', 'tricode': 'DAL'}",False,R,/players/josh/reaves/1629729,"Reaves, Josh"
389,Cam,Reddish,22,F-G,Forward-Guard,6,8,218,1629629,"{'urlName': 'hawks', 'city': 'Atlanta', 'nickname': 'Hawks', 'tricode': 'ATL'}",False,R,/players/cam/reddish/1629629,"Reddish, Cam"
390,JJ,Redick,4,G,Guard,6,3,200,200755,"{'urlName': 'pelicans', 'city': 'New Orleans', 'nickname': 'Pelicans', 'tricode': 'NOP'}",False,R,/players/jj/redick/200755,"Redick, JJ"
391,Naz,Reid,11,C-F,Center-Forward,6,9,264,1629675,"{'urlName': 'timberwolves', 'city': 'Minnesota', 'nickname': 'Timberwolves', 'tricode': 'MIN'}",False,R,/players/naz/reid/1629675,"Reid, Naz"
392,Cameron,Reynolds,13,G-F,Guard-Forward,6,7,225,1629244,"{'urlName': 'bucks', 'city': 'Milwaukee', 'nickname': 'Bucks', 'tricode': 'MIL'}",False,R,/players/cameron/reynolds/1629244,"Reynolds, Cameron"
393,Josh,Richardson,0,G,Guard,6,5,200,1626196,"{'urlName': 'sixers', 'city': 'Philadelphia', 'nickname': '76ers', 'tricode': 'PHI'}",False,R,/players/josh/richardson/1626196,"Richardson, Josh"
394,Austin,Rivers,25,G,Guard,6,3,200,203085,"{'urlName': 'rockets', 'city': 'Houston', 'nickname': 'Rockets', 'tricode': 'HOU'}",False,R,/players/austin/rivers/203085,"Rivers, Austin"
395,Andre,Roberson,21,G-F,Guard-Forward,6,7,210,203460,"{'urlName': 'thunder', 'city': 'Oklahoma City', 'nickname': 'Thunder', 'tricode': 'OKC'}",False,R,/players/andre/roberson/203460,"Roberson, Andre"
396,Glenn,Robinson III,22,F,Forward,6,6,222,203922,"{'urlName': 'sixers', 'city': 'Philadelphia', 'nickname': '76ers', 'tricode': 'PHI'}",False,R,/players/glenn/robinson_iii/203922,"Robinson III, Glenn"
397,Duncan,Robinson,55,F,Forward,6,7,215,1629130,"{'urlName': 'heat', 'city': 'Miami', 'nickname': 'Heat', 'tricode': 'MIA'}",False,R,/players/duncan/robinson/1629130,"Robinson, Duncan"
398,Jerome,Robinson,12,G,Guard,6,4,190,1629010,"{'urlName': 'wizards', 'city': 'Washington', 'nickname': 'Wizards', 'tricode': 'WAS'}",False,R,/players/jerome/robinson/1629010,"Robinson, Jerome"
399,Mitchell,Robinson,23,C-F,Center-Forward,7,0,240,1629011,"{'urlName': 'knicks', 'city': 'New York', 'nickname': 'Knicks', 'tricode': 'NYK'}",False,R,/players/mitchell/robinson/1629011,"Robinson, Mitchell"
400,Isaiah,Roby,22,F,Forward,6,8,230,1629676,"{'urlName': 'thunder', 'city': 'Oklahoma City', 'nickname': 'Thunder', 'tricode': 'OKC'}",False,R,/players/isaiah/roby/1629676,"Roby, Isaiah"
401,Rajon,Rondo,9,G,Guard,6,1,180,200765,"{'urlName': 'lakers', 'city': 'Los Angeles', 'nickname': 'Lakers', 'tricode': 'LAL'}",False,R,/players/rajon/rondo/200765,"Rondo, Rajon"
402,Derrick,Rose,25,G,Guard,6,2,200,201565,"{'urlName': 'pistons', 'city': 'Detroit', 'nickname': 'Pistons', 'tricode': 'DET'}",False,R,/players/derrick/rose/201565,"Rose, Derrick"
403,Terrence,Ross,31,G-F,Guard-Forward,6,6,206,203082,"{'urlName': 'magic', 'city': 'Orlando', 'nickname': 'Magic', 'tricode': 'ORL'}",False,R,/players/terrence/ross/203082,"Ross, Terrence"
404,Terry,Rozier,3,G,Guard,6,1,190,1626179,"{'urlName': 'hornets', 'city': 'Charlotte', 'nickname': 'Hornets', 'tricode': 'CHA'}",False,R,/players/terry/rozier/1626179,"Rozier, Terry"
405,Ricky,Rubio,11,G,Guard,6,3,190,201937,"{'urlName': 'suns', 'city': 'Phoenix', 'nickname': 'Suns', 'tricode': 'PHX'}",False,R,/players/ricky/rubio/201937,"Rubio, Ricky"
406,D'Angelo,Russell,0,G,Guard,6,4,193,1626156,"{'urlName': 'timberwolves', 'city': 'Minnesota', 'nickname': 'Timberwolves', 'tricode': 'MIN'}",False,R,/players/d'angelo/russell/1626156,"Russell, D'Angelo"
407,Domantas,Sabonis,11,F-C,Forward-Center,6,11,240,1627734,"{'urlName': 'pacers', 'city': 'Indiana', 'nickname': 'Pacers', 'tricode': 'IND'}",True,S,/players/domantas/sabonis/1627734,"Sabonis, Domantas"
408,Luka,Samanic,19,F,Forward,6,10,227,1629677,"{'urlName': 'spurs', 'city': 'San Antonio', 'nickname': 'Spurs', 'tricode': 'SAS'}",False,S,/players/luka/samanic/1629677,"Samanic, Luka"
409,JaKarr,Sampson,14,F,Forward,6,7,214,203960,"{'urlName': 'pacers', 'city': 'Indiana', 'nickname': 'Pacers', 'tricode': 'IND'}",False,S,/players/jakarr/sampson/203960,"Sampson, JaKarr"
410,Dario,Saric,20,F,Forward,6,10,225,203967,"{'urlName': 'suns', 'city': 'Phoenix', 'nickname': 'Suns', 'tricode': 'PHX'}",False,S,/players/dario/saric/203967,"Saric, Dario"
411,Tomas,Satoransky,31,G,Guard,6,7,210,203107,"{'urlName': 'bulls', 'city': 'Chicago', 'nickname': 'Bulls', 'tricode': 'CHI'}",False,S,/players/tomas/satoransky/203107,"Satoransky, Tomas"
412,Admiral,Schofield,1,G-F,Guard-Forward,6,5,241,1629678,"{'urlName': 'wizards', 'city': 'Washington', 'nickname': 'Wizards', 'tricode': 'WAS'}",False,S,/players/admiral/schofield/1629678,"Schofield, Admiral"
413,Dennis,Schroder,17,G,Guard,6,1,172,203471,"{'urlName': 'thunder', 'city': 'Oklahoma City', 'nickname': 'Thunder', 'tricode': 'OKC'}",False,S,/players/dennis/schroder/203471,"Schroder, Dennis"
414,Mike,Scott,1,F,Forward,6,7,237,203118,"{'urlName': 'sixers', 'city': 'Philadelphia', 'nickname': '76ers', 'tricode': 'PHI'}",False,S,/players/mike/scott/203118,"Scott, Mike"
415,Thabo,Sefolosha,18,F-G,Forward-Guard,6,6,215,200757,"{'urlName': 'rockets', 'city': 'Houston', 'nickname': 'Rockets', 'tricode': 'HOU'}",False,S,/players/thabo/sefolosha/200757,"Sefolosha, Thabo"
416,Collin,Sexton,2,G,Guard,6,1,190,1629012,"{'urlName': 'cavaliers', 'city': 'Cleveland', 'nickname': 'Cavaliers', 'tricode': 'CLE'}",False,S,/players/collin/sexton/1629012,"Sexton, Collin"
417,Landry,Shamet,20,G,Guard,6,4,190,1629013,"{'urlName': 'clippers', 'city': 'LA', 'nickname': 'Clippers', 'tricode': 'LAC'}",False,S,/players/landry/shamet/1629013,"Shamet, Landry"
418,Marial,Shayok,35,G-F,Guard-Forward,6,5,198,1629621,"{'urlName': 'sixers', 'city': 'Philadelphia', 'nickname': '76ers', 'tricode': 'PHI'}",False,S,/players/marial/shayok/1629621,"Shayok, Marial"
419,Pascal,Siakam,43,F,Forward,6,9,230,1627783,"{'urlName': 'raptors', 'city': 'Toronto', 'nickname': 'Raptors', 'tricode': 'TOR'}",True,S,/players/pascal/siakam/1627783,"Siakam, Pascal"
420,Chris,Silva,30,F,Forward,6,8,234,1629735,"{'urlName': 'heat', 'city': 'Miami', 'nickname': 'Heat', 'tricode': 'MIA'}",False,S,/players/chris/silva/1629735,"Silva, Chris"
421,Ben,Simmons,25,G-F,Guard-Forward,6,10,240,1627732,"{'urlName': 'sixers', 'city': 'Philadelphia', 'nickname': '76ers', 'tricode': 'PHI'}",True,S,/players/ben/simmons/1627732,"Simmons, Ben"
422,Kobi,Simmons,23,G,Guard,6,5,180,1628424,"{'urlName': 'hornets', 'city': 'Charlotte', 'nickname': 'Hornets', 'tricode': 'CHA'}",False,S,/players/kobi/simmons/1628424,"Simmons, Kobi"
423,Anfernee,Simons,1,G,Guard,6,3,181,1629014,"{'urlName': 'blazers', 'city': 'Portland', 'nickname': 'Trail Blazers', 'tricode': 'POR'}",False,S,/players/anfernee/simons/1629014,"Simons, Anfernee"
424,Alen,Smailagic,6,F,Forward,6,10,215,1629346,"{'urlName': 'warriors', 'city': 'Golden State', 'nickname': 'Warriors', 'tricode': 'GSW'}",False,S,/players/alen/smailagic/1629346,"Smailagic, Alen"
425,Marcus,Smart,36,G,Guard,6,3,220,203935,"{'urlName': 'celtics', 'city': 'Boston', 'nickname': 'Celtics', 'tricode': 'BOS'}",False,S,/players/marcus/smart/203935,"Smart, Marcus"
426,Dennis,Smith Jr.,5,G,Guard,6,2,205,1628372,"{'urlName': 'knicks', 'city': 'New York', 'nickname': 'Knicks', 'tricode': 'NYK'}",False,S,/players/dennis/smith_jr./1628372,"Smith Jr., Dennis"
427,Ish,Smith,14,G,Guard,6,0,175,202397,"{'urlName': 'wizards', 'city': 'Washington', 'nickname': 'Wizards', 'tricode': 'WAS'}",False,S,/players/ish/smith/202397,"Smith, Ish"
428,Zhaire,Smith,5,G,Guard,6,3,205,1629015,"{'urlName': 'sixers', 'city': 'Philadelphia', 'nickname': '76ers', 'tricode': 'PHI'}",False,S,/players/zhaire/smith/1629015,"Smith, Zhaire"
429,Tony,Snell,17,G,Guard,6,6,213,203503,"{'urlName': 'pistons', 'city': 'Detroit', 'nickname': 'Pistons', 'tricode': 'DET'}",False,S,/players/tony/snell/203503,"Snell, Tony"
430,Ray,Spalding,26,F,Forward,6,9,225,1629034,"{'urlName': 'hornets', 'city': 'Charlotte', 'nickname': 'Hornets', 'tricode': 'CHA'}",False,S,/players/ray/spalding/1629034,"Spalding, Ray"
431,Omari,Spellman,14,F,Forward,6,8,245,1629016,"{'urlName': 'timberwolves', 'city': 'Minnesota', 'nickname': 'Timberwolves', 'tricode': 'MIN'}",False,S,/players/omari/spellman/1629016,"Spellman, Omari"
432,Max,Strus,28,G-F,Guard-Forward,6,5,215,1629622,"{'urlName': 'bulls', 'city': 'Chicago', 'nickname': 'Bulls', 'tricode': 'CHI'}",False,S,/players/max/strus/1629622,"Strus, Max"
433,Edmond,Sumner,5,G,Guard,6,4,196,1628410,"{'urlName': 'pacers', 'city': 'Indiana', 'nickname': 'Pacers', 'tricode': 'IND'}",False,S,/players/edmond/sumner/1628410,"Sumner, Edmond"
434,Caleb,Swanigan,50,F,Forward,6,9,260,1628403,"{'urlName': 'blazers', 'city': 'Portland', 'nickname': 'Trail Blazers', 'tricode': 'POR'}",False,S,/players/caleb/swanigan/1628403,"Swanigan, Caleb"
435,Jayson,Tatum,0,F-G,Forward-Guard,6,8,210,1628369,"{'urlName': 'celtics', 'city': 'Boston', 'nickname': 'Celtics', 'tricode': 'BOS'}",True,T,/players/jayson/tatum/1628369,"Tatum, Jayson"
436,Jeff,Teague,00,G,Guard,6,3,195,201952,"{'urlName': 'hawks', 'city': 'Atlanta', 'nickname': 'Hawks', 'tricode': 'ATL'}",False,T,/players/jeff/teague/201952,"Teague, Jeff"
437,Garrett,Temple,17,G-F,Guard-Forward,6,5,195,202066,"{'urlName': 'nets', 'city': 'Brooklyn', 'nickname': 'Nets', 'tricode': 'BKN'}",False,T,/players/garrett/temple/202066,"Temple, Garrett"
438,Daniel,Theis,27,F-C,Forward-Center,6,8,245,1628464,"{'urlName': 'celtics', 'city': 'Boston', 'nickname': 'Celtics', 'tricode': 'BOS'}",False,T,/players/daniel/theis/1628464,"Theis, Daniel"
439,Khyri,Thomas,13,G,Guard,6,3,210,1629017,"{'urlName': 'pistons', 'city': 'Detroit', 'nickname': 'Pistons', 'tricode': 'DET'}",False,T,/players/khyri/thomas/1629017,"Thomas, Khyri"
440,Matt,Thomas,21,G,Guard,6,4,190,1629744,"{'urlName': 'raptors', 'city': 'Toronto', 'nickname': 'Raptors', 'tricode': 'TOR'}",False,T,/players/matt/thomas/1629744,"Thomas, Matt"
441,Klay,Thompson,11,G,Guard,6,6,215,202691,"{'urlName': 'warriors', 'city': 'Golden State', 'nickname': 'Warriors', 'tricode': 'GSW'}",False,T,/players/klay/thompson/202691,"Thompson, Klay"
442,Tristan,Thompson,13,C-F,Center-Forward,6,9,254,202684,"{'urlName': 'cavaliers', 'city': 'Cleveland', 'nickname': 'Cavaliers', 'tricode': 'CLE'}",False,T,/players/tristan/thompson/202684,"Thompson, Tristan"
443,Matisse,Thybulle,22,G-F,Guard-Forward,6,5,201,1629680,"{'urlName': 'sixers', 'city': 'Philadelphia', 'nickname': '76ers', 'tricode': 'PHI'}",False,T,/players/matisse/thybulle/1629680,"Thybulle, Matisse"
444,Juan,Toscano-Anderson,95,F,Forward,6,6,209,1629308,"{'urlName': 'warriors', 'city': 'Golden State', 'nickname': 'Warriors', 'tricode': 'GSW'}",False,T,/players/juan/toscano-anderson/1629308,"Toscano-Anderson, Juan"
445,Karl-Anthony,Towns,32,C-F,Center-Forward,6,11,248,1626157,"{'urlName': 'timberwolves', 'city': 'Minnesota', 'nickname': 'Timberwolves', 'tricode': 'MIN'}",False,T,/players/karl-anthony/towns/1626157,"Towns, Karl-Anthony"
446,Gary,Trent Jr.,2,G-F,Guard-Forward,6,5,209,1629018,"{'urlName': 'blazers', 'city': 'Portland', 'nickname': 'Trail Blazers', 'tricode': 'POR'}",False,T,/players/gary/trent_jr./1629018,"Trent Jr., Gary"
447,Allonzo,Trier,14,G,Guard,6,4,200,1629019,"{'urlName': 'knicks', 'city': 'New York', 'nickname': 'Knicks', 'tricode': 'NYK'}",False,T,/players/allonzo/trier/1629019,"Trier, Allonzo"
448,P.J.,Tucker,17,F,Forward,6,5,245,200782,"{'urlName': 'rockets', 'city': 'Houston', 'nickname': 'Rockets', 'tricode': 'HOU'}",False,T,/players/p.j./tucker/200782,"Tucker, P.J."
449,Rayjon,Tucker,6,G,Guard,6,3,209,1629730,"{'urlName': 'jazz', 'city': 'Utah', 'nickname': 'Jazz', 'tricode': 'UTA'}",False,T,/players/rayjon/tucker/1629730,"Tucker, Rayjon"
450,Evan,Turner,1,G-F,Guard-Forward,6,6,220,202323,"{'urlName': 'timberwolves', 'city': 'Minnesota', 'nickname': 'Timberwolves', 'tricode': 'MIN'}",False,T,/players/evan/turner/202323,"Turner, Evan"
451,Myles,Turner,33,C-F,Center-Forward,6,11,250,1626167,"{'urlName': 'pacers', 'city': 'Indiana', 'nickname': 'Pacers', 'tricode': 'IND'}",False,T,/players/myles/turner/1626167,"Turner, Myles"
452,Jonas,Valanciunas,17,C,Center,6,11,265,202685,"{'urlName': 'grizzlies', 'city': 'Memphis', 'nickname': 'Grizzlies', 'tricode': 'MEM'}",False,V,/players/jonas/valanciunas/202685,"Valanciunas, Jonas"
453,Denzel,Valentine,45,G,Guard,6,4,220,1627756,"{'urlName': 'bulls', 'city': 'Chicago', 'nickname': 'Bulls', 'tricode': 'CHI'}",False,V,/players/denzel/valentine/1627756,"Valentine, Denzel"
454,Jarred,Vanderbilt,3,F,Forward,6,9,214,1629020,"{'urlName': 'timberwolves', 'city': 'Minnesota', 'nickname': 'Timberwolves', 'tricode': 'MIN'}",False,V,/players/jarred/vanderbilt/1629020,"Vanderbilt, Jarred"
455,Fred,VanVleet,23,G,Guard,6,1,197,1627832,"{'urlName': 'raptors', 'city': 'Toronto', 'nickname': 'Raptors', 'tricode': 'TOR'}",False,V,/players/fred/vanvleet/1627832,"VanVleet, Fred"
456,Gabe,Vincent,2,G,Guard,6,3,200,1629216,"{'urlName': 'heat', 'city': 'Miami', 'nickname': 'Heat', 'tricode': 'MIA'}",False,V,/players/gabe/vincent/1629216,"Vincent, Gabe"
457,Noah,Vonleh,32,F,Forward,6,10,257,203943,"{'urlName': 'nuggets', 'city': 'Denver', 'nickname': 'Nuggets', 'tricode': 'DEN'}",False,V,/players/noah/vonleh/203943,"Vonleh, Noah"
458,Nikola,Vucevic,9,C,Center,6,11,260,202696,"{'urlName': 'magic', 'city': 'Orlando', 'nickname': 'Magic', 'tricode': 'ORL'}",False,V,/players/nikola/vucevic/202696,"Vucevic, Nikola"
459,Dean,Wade,32,F-C,Forward-Center,6,9,228,1629731,"{'urlName': 'cavaliers', 'city': 'Cleveland', 'nickname': 'Cavaliers', 'tricode': 'CLE'}",False,W,/players/dean/wade/1629731,"Wade, Dean"
460,Moritz,Wagner,21,F-C,Forward-Center,6,11,245,1629021,"{'urlName': 'wizards', 'city': 'Washington', 'nickname': 'Wizards', 'tricode': 'WAS'}",False,W,/players/moritz/wagner/1629021,"Wagner, Moritz"
461,Dion,Waiters,18,G,Guard,6,3,210,203079,"{'urlName': 'lakers', 'city': 'Los Angeles', 'nickname': 'Lakers', 'tricode': 'LAL'}",False,W,/players/dion/waiters/203079,"Waiters, Dion"
462,Lonnie,Walker IV,1,G-F,Guard-Forward,6,5,204,1629022,"{'urlName': 'spurs', 'city': 'San Antonio', 'nickname': 'Spurs', 'tricode': 'SAS'}",False,W,/players/lonnie/walker_iv/1629022,"Walker IV, Lonnie"
463,Kemba,Walker,8,G,Guard,6,0,184,202689,"{'urlName': 'celtics', 'city': 'Boston', 'nickname': 'Celtics', 'tricode': 'BOS'}",True,W,/players/kemba/walker/202689,"Walker, Kemba"
464,John,Wall,2,G,Guard,6,4,210,202322,"{'urlName': 'wizards', 'city': 'Washington', 'nickname': 'Wizards', 'tricode': 'WAS'}",False,W,/players/john/wall/202322,"Wall, John"
465,Brad,Wanamaker,9,G,Guard,6,3,210,202954,"{'urlName': 'celtics', 'city': 'Boston', 'nickname': 'Celtics', 'tricode': 'BOS'}",False,W,/players/brad/wanamaker/202954,"Wanamaker, Brad"
466,T.J.,Warren,1,F,Forward,6,8,220,203933,"{'urlName': 'pacers', 'city': 'Indiana', 'nickname': 'Pacers', 'tricode': 'IND'}",False,W,/players/t.j./warren/203933,"Warren, T.J."
467,P.J.,Washington,25,F,Forward,6,7,230,1629023,"{'urlName': 'hornets', 'city': 'Charlotte', 'nickname': 'Hornets', 'tricode': 'CHA'}",False,W,/players/p.j./washington/1629023,"Washington, P.J."
468,Yuta,Watanabe,18,G-F,Guard-Forward,6,8,215,1629139,"{'urlName': 'grizzlies', 'city': 'Memphis', 'nickname': 'Grizzlies', 'tricode': 'MEM'}",False,W,/players/yuta/watanabe/1629139,"Watanabe, Yuta"
469,Tremont,Waters,51,G,Guard,5,10,175,1629682,"{'urlName': 'celtics', 'city': 'Boston', 'nickname': 'Celtics', 'tricode': 'BOS'}",False,W,/players/tremont/waters/1629682,"Waters, Tremont"
470,Paul,Watson,1,G,Guard,6,6,210,1628778,"{'urlName': 'raptors', 'city': 'Toronto', 'nickname': 'Raptors', 'tricode': 'TOR'}",False,W,/players/paul/watson/1628778,"Watson, Paul"
471,Quinndary,Weatherspoon,15,G,Guard,6,3,205,1629683,"{'urlName': 'spurs', 'city': 'San Antonio', 'nickname': 'Spurs', 'tricode': 'SAS'}",False,W,/players/quinndary/weatherspoon/1629683,"Weatherspoon, Quinndary"
472,Russell,Westbrook,0,G,Guard,6,3,200,201566,"{'urlName': 'rockets', 'city': 'Houston', 'nickname': 'Rockets', 'tricode': 'HOU'}",True,W,/players/russell/westbrook/201566,"Westbrook, Russell"
473,Coby,White,0,G,Guard,6,4,195,1629632,"{'urlName': 'bulls', 'city': 'Chicago', 'nickname': 'Bulls', 'tricode': 'CHI'}",False,W,/players/coby/white/1629632,"White, Coby"
474,Derrick,White,4,G,Guard,6,4,190,1628401,"{'urlName': 'spurs', 'city': 'San Antonio', 'nickname': 'Spurs', 'tricode': 'SAS'}",False,W,/players/derrick/white/1628401,"White, Derrick"
475,Hassan,Whiteside,21,C,Center,7,0,265,202355,"{'urlName': 'blazers', 'city': 'Portland', 'nickname': 'Trail Blazers', 'tricode': 'POR'}",False,W,/players/hassan/whiteside/202355,"Whiteside, Hassan"
476,Andrew,Wiggins,22,F,Forward,6,7,197,203952,"{'urlName': 'warriors', 'city': 'Golden State', 'nickname': 'Warriors', 'tricode': 'GSW'}",False,W,/players/andrew/wiggins/203952,"Wiggins, Andrew"
477,Robert,Williams III,44,C-F,Center-Forward,6,8,237,1629057,"{'urlName': 'celtics', 'city': 'Boston', 'nickname': 'Celtics', 'tricode': 'BOS'}",False,W,/players/robert/williams_iii/1629057,"Williams III, Robert"
478,Nigel,Williams-Goss,0,G,Guard,6,2,190,1628430,"{'urlName': 'jazz', 'city': 'Utah', 'nickname': 'Jazz', 'tricode': 'UTA'}",False,W,/players/nigel/williams-goss/1628430,"Williams-Goss, Nigel"
479,Grant,Williams,12,F,Forward,6,6,236,1629684,"{'urlName': 'celtics', 'city': 'Boston', 'nickname': 'Celtics', 'tricode': 'BOS'}",False,W,/players/grant/williams/1629684,"Williams, Grant"
480,Johnathan,Williams,19,F,Forward,6,9,228,1629140,"{'urlName': 'wizards', 'city': 'Washington', 'nickname': 'Wizards', 'tricode': 'WAS'}",False,W,/players/johnathan/williams/1629140,"Williams, Johnathan"
481,Kenrich,Williams,34,G-F,Guard-Forward,6,6,210,1629026,"{'urlName': 'pelicans', 'city': 'New Orleans', 'nickname': 'Pelicans', 'tricode': 'NOP'}",False,W,/players/kenrich/williams/1629026,"Williams, Kenrich"
482,Lou,Williams,23,G,Guard,6,1,175,101150,"{'urlName': 'clippers', 'city': 'LA', 'nickname': 'Clippers', 'tricode': 'LAC'}",False,W,/players/lou/williams/101150,"Williams, Lou"
483,Marvin,Williams,20,F,Forward,6,8,237,101107,"{'urlName': 'bucks', 'city': 'Milwaukee', 'nickname': 'Bucks', 'tricode': 'MIL'}",False,W,/players/marvin/williams/101107,"Williams, Marvin"
484,Zion,Williamson,1,F,Forward,6,6,284,1629627,"{'urlName': 'pelicans', 'city': 'New Orleans', 'nickname': 'Pelicans', 'tricode': 'NOP'}",False,W,/players/zion/williamson/1629627,"Williamson, Zion"
485,D.J.,Wilson,5,F,Forward,6,10,231,1628391,"{'urlName': 'bucks', 'city': 'Milwaukee', 'nickname': 'Bucks', 'tricode': 'MIL'}",False,W,/players/d.j./wilson/1628391,"Wilson, D.J."
486,Dylan,Windler,9,G-F,Guard-Forward,6,6,196,1629685,"{'urlName': 'cavaliers', 'city': 'Cleveland', 'nickname': 'Cavaliers', 'tricode': 'CLE'}",False,W,/players/dylan/windler/1629685,"Windler, Dylan"
487,Justise,Winslow,7,F-G,Forward-Guard,6,6,222,1626159,"{'urlName': 'grizzlies', 'city': 'Memphis', 'nickname': 'Grizzlies', 'tricode': 'MEM'}",False,W,/players/justise/winslow/1626159,"Winslow, Justise"
488,Christian,Wood,35,F,Forward,6,10,214,1626174,"{'urlName': 'pistons', 'city': 'Detroit', 'nickname': 'Pistons', 'tricode': 'DET'}",False,W,/players/christian/wood/1626174,"Wood, Christian"
489,Kenny,Wooten,45,F,Forward,6,8,235,1629624,"{'urlName': 'knicks', 'city': 'New York', 'nickname': 'Knicks', 'tricode': 'NYK'}",False,W,/players/kenny/wooten/1629624,"Wooten, Kenny"
490,Justin,Wright-Foreman,3,G,Guard,6,0,190,1629625,"{'urlName': 'jazz', 'city': 'Utah', 'nickname': 'Jazz', 'tricode': 'UTA'}",False,W,/players/justin/wright-foreman/1629625,"Wright-Foreman, Justin"
491,Delon,Wright,55,G,Guard,6,5,185,1626153,"{'urlName': 'mavericks', 'city': 'Dallas', 'nickname': 'Mavericks', 'tricode': 'DAL'}",False,W,/players/delon/wright/1626153,"Wright, Delon"
492,Thaddeus,Young,21,F,Forward,6,8,235,201152,"{'urlName': 'bulls', 'city': 'Chicago', 'nickname': 'Bulls', 'tricode': 'CHI'}",False,Y,/players/thaddeus/young/201152,"Young, Thaddeus"
493,Trae,Young,11,G,Guard,6,1,180,1629027,"{'urlName': 'hawks', 'city': 'Atlanta', 'nickname': 'Hawks', 'tricode': 'ATL'}",True,Y,/players/trae/young/1629027,"Young, Trae"
494,Cody,Zeller,40,F-C,Forward-Center,7,0,240,203469,"{'urlName': 'hornets', 'city': 'Charlotte', 'nickname': 'Hornets', 'tricode': 'CHA'}",False,Z,/players/cody/zeller/203469,"Zeller, Cody"
495,Ante,Zizic,41,C,Center,6,10,266,1627790,"{'urlName': 'cavaliers', 'city': 'Cleveland', 'nickname': 'Cavaliers', 'tricode': 'CLE'}",False,Z,/players/ante/zizic/1627790,"Zizic, Ante"
496,Ivica,Zubac,40,C,Center,7,0,240,1627826,"{'urlName': 'clippers', 'city': 'LA', 'nickname': 'Clippers', 'tricode': 'LAC'}",False,Z,/players/ivica/zubac/1627826,"Zubac, Ivica"
