,name,positions,age,team,games_played,minutes_played,player_efficiency_rating,true_shooting_percentage,three_point_attempt_rate,free_throw_attempt_rate,offensive_rebound_percentage,defensive_rebound_percentage,total_rebound_percentage,assist_percentage,steal_percentage,block_percentage,turnover_percentage,usage_percentage,offensive_win_shares,defensive_win_shares,win_shares,win_shares_per_48_minutes,offensive_box_plus_minus,defensive_box_plus_minus,box_plus_minus,value_over_replacement_player
0,Álex Abrines,SHOOTING GUARD,24,OKLAHOMA CITY THUNDER,75,1134,9,0.567,0.759,0.158,2.5,8.9,5.6,3.4,1.7,0.6,7.4,12.7,1.3,1,2.2,0.094,-1.9,0.4,-1.5,0.1
1,Quincy Acy,POWER FORWARD,27,BROOKLYN NETS,70,1359,8.2,0.525,0.8,0.164,3.1,17.1,10,6,1.2,1.6,13.3,14.4,-0.1,1.1,1,0.036,-2.6,0.1,-2.5,-0.2
2,Steven Adams,CENTER,24,OKLAHOMA CITY THUNDER,76,2487,20.6,0.63,0.003,0.402,16.6,13.9,15.3,5.5,1.8,2.8,13.3,16.7,6.7,3,9.7,0.187,1.7,-0.6,1.1,2
3,Bam Adebayo,CENTER,20,MIAMI HEAT,69,1368,15.7,0.57,0.021,0.526,9.7,21.6,15.6,11,1.2,2.5,13.6,15.9,2.3,1.9,4.2,0.148,-1.1,0.7,-0.4,0.6
4,Arron Afflalo,SHOOTING GUARD,32,ORLANDO MAGIC,53,682,5.8,0.516,0.432,0.16,0.6,10.1,5.3,6.2,0.3,1.1,10.8,12.5,-0.1,0.2,0.1,0.009,-3.8,-1.5,-5.4,-0.6
5,Cole Aldrich,CENTER,29,MINNESOTA TIMBERWOLVES,21,49,6,0.34,0,0.4,7,28.6,17.6,8.2,2,1.8,5.4,16.8,-0.1,0.1,0,-0.013,-6.8,-0.7,-7.5,-0.1
6,LaMarcus Aldridge,CENTER,32,SAN ANTONIO SPURS,75,2509,25,0.57,0.068,0.296,10.8,17.3,14,11.3,0.9,3,6.8,29.1,7.4,3.5,10.9,0.209,4.3,-0.4,3.9,3.7
7,Jarrett Allen,CENTER,19,BROOKLYN NETS,72,1441,17.5,0.636,0.038,0.37,10.5,18.1,14.3,5.4,0.9,4.6,15.1,16.3,2.7,1.5,4.2,0.141,-0.9,0.1,-0.8,0.5
8,Kadeem Allen,POINT GUARD,25,BOSTON CELTICS,18,107,2.6,0.366,0.5,0.409,4.1,7.1,5.6,15.2,1.4,1.6,25.7,14.6,-0.2,0.1,-0.1,-0.038,-8.3,0.6,-7.7,-0.2
9,Tony Allen,SMALL FORWARD,36,NEW ORLEANS PELICANS,22,273,8.7,0.514,0.132,0.231,8.2,10.4,9.3,4.6,1.9,0.9,15.9,18.9,-0.2,0.2,0.1,0.017,-5.2,-0.3,-5.5,-0.2
10,Al-Farouq Aminu,POWER FORWARD,27,PORTLAND TRAIL BLAZERS,69,2072,12,0.522,0.582,0.137,5.2,22.3,13.8,5.8,1.9,1.6,11.3,14.8,0.9,3.2,4.2,0.097,-0.7,1.1,0.4,1.3
11,Justin Anderson,SMALL FORWARD,24,PHILADELPHIA 76ERS,38,519,13,0.54,0.51,0.188,5.4,13.6,9.6,7.1,1.4,1.1,6.8,19.3,0.6,0.7,1.2,0.115,-0.6,-0.3,-0.9,0.1
12,Kyle Anderson,SMALL FORWARD,24,SAN ANTONIO SPURS,74,1978,15.9,0.582,0.13,0.333,4.7,17.6,11.1,14.7,2.9,2.5,15.8,13.5,2.4,3.8,6.2,0.151,-0.4,3.3,2.9,2.4
13,Ryan Anderson,POWER FORWARD,29,HOUSTON ROCKETS,66,1725,12.6,0.592,0.706,0.194,6.2,15.4,10.8,5.1,0.7,1,7.5,14.4,3.1,1.7,4.8,0.132,0.9,-0.8,0.1,0.9
14,Ike Anigbogu,CENTER,19,INDIANA PACERS,11,30,21.6,0.558,0,0.667,19,15,16.9,0,1.7,8.9,14.7,20.3,0.1,0,0.1,0.165,1.8,0.1,1.9,0
15,Giannis Antetokounmpo,POWER FORWARD,23,MILWAUKEE BUCKS,75,2756,27.3,0.598,0.1,0.457,6.7,25.3,16,23.7,2,3.3,11.7,31.2,8.3,3.6,11.9,0.207,5.3,0.9,6.2,5.7
16,Carmelo Anthony,POWER FORWARD,33,OKLAHOMA CITY THUNDER,78,2501,12.7,0.503,0.406,0.165,2.9,17.7,10,6.5,0.9,1.8,7.3,23.2,1.2,2.5,3.7,0.071,-0.6,-1.3,-1.9,0
17,OG Anunoby,SMALL FORWARD,20,TORONTO RAPTORS,74,1481,10,0.587,0.569,0.179,3.4,10.4,7,5,1.7,0.8,10.8,12.4,1.4,1.6,3,0.098,-1.2,0.6,-0.6,0.5
18,Ryan Arcidiacono,POINT GUARD,23,CHICAGO BULLS,24,304,7.3,0.55,0.756,0.146,0.3,8.8,4.4,15.5,2.1,0,23,8.1,0.1,0.2,0.3,0.04,-4.7,0.6,-4.1,-0.2
19,Trevor Ariza,SMALL FORWARD,32,HOUSTON ROCKETS,67,2269,11.8,0.567,0.71,0.137,1.7,12.9,7.3,6.8,2.1,0.5,7,14.4,2.6,2.8,5.3,0.113,0,0.7,0.7,1.5
20,Darrell Arthur,POWER FORWARD,29,DENVER NUGGETS,19,141,8.4,0.559,0.489,0.064,2.4,9.5,6,9.3,2.8,1.8,23.7,19.5,-0.2,0.1,0,-0.011,-4.8,-0.5,-5.3,-0.1
21,Jamel Artis,SHOOTING GUARD,25,ORLANDO MAGIC,15,279,6.9,0.457,0.367,0.152,1.6,13.5,7.5,9.3,0.4,0.9,8.7,14.5,-0.1,0.1,0,-0.006,-3.8,-1.6,-5.4,-0.2
22,Ömer Aşık,CENTER,31,NEW ORLEANS PELICANS,14,121,4.5,0.423,0,0.75,6.5,26,16.6,2,0.4,1.3,19,9.4,-0.1,0.1,0,0.008,-5.6,-1.4,-7,-0.2
23,Ömer Aşık,CENTER,31,CHICAGO BULLS,4,61,0.2,0.311,0,0.167,3.4,14.6,8.8,2.1,0.8,2.9,38.3,7.4,-0.1,0,-0.1,-0.078,-8.5,-1.5,-10,-0.1
24,D.J. Augustin,POINT GUARD,30,ORLANDO MAGIC,75,1760,15.4,0.615,0.504,0.35,1.9,8.2,5,24.4,1.5,0,16.5,18.6,3.3,0.8,4.1,0.11,1,-1.2,-0.2,0.8
25,Luke Babbitt,SMALL FORWARD,28,ATLANTA HAWKS,37,570,12,0.636,0.661,0.131,1,14.9,7.9,7,0.6,0.8,7.8,14.8,0.9,0.3,1.1,0.094,0.4,-1.1,-0.7,0.2
26,Luke Babbitt,SMALL FORWARD,28,MIAMI HEAT,13,145,1.3,0.351,0.957,0,1.5,10.1,5.8,4.8,0.3,1.2,7.8,15.8,-0.3,0.1,-0.2,-0.073,-5.9,-3.3,-9.2,-0.3
27,Dwayne Bacon,SHOOTING GUARD,22,CHARLOTTE HORNETS,53,713,5.8,0.431,0.224,0.13,0.6,18.5,9.4,7.5,1.1,0.2,10.2,13.7,-0.7,0.6,-0.1,-0.007,-4.8,0.1,-4.7,-0.5
28,Ron Baker,SHOOTING GUARD,24,NEW YORK KNICKS,29,385,9.3,0.504,0.559,0.441,1.4,7.2,4.3,15.5,3.3,1.3,20.4,10,0.1,0.4,0.5,0.059,-2.8,2.4,-0.4,0.2
29,Wade Baldwin,POINT GUARD,21,PORTLAND TRAIL BLAZERS,7,80,16.6,0.748,0.238,0.476,1.4,9.5,5.5,9.8,1.2,1,13.6,16.1,0.2,0.1,0.3,0.187,0.2,1.7,1.9,0.1
30,Lonzo Ball,POINT GUARD,20,LOS ANGELES LAKERS,52,1780,12.5,0.444,0.523,0.126,4.2,17.3,10.8,29.2,2.4,2,18.6,17.4,-0.5,2.5,2,0.053,-0.7,1.6,1,1.3
31,J.J. Barea,POINT GUARD,33,DALLAS MAVERICKS,69,1603,17.8,0.545,0.454,0.148,1,13.4,7,45.1,1.1,0.2,16.3,24.9,2.3,1,3.3,0.098,2.7,-1.5,1.2,1.3
32,Harrison Barnes,POWER FORWARD,25,DALLAS MAVERICKS,77,2634,15.8,0.539,0.276,0.259,3.1,17.1,9.9,9.9,0.9,0.5,8.1,25.2,2,1.9,3.8,0.07,0.8,-1.3,-0.5,1
33,Will Barton,SHOOTING GUARD,27,DENVER NUGGETS,81,2683,16.2,0.562,0.411,0.22,3,14.2,8.6,18.5,1.5,1.6,11.7,20.7,4.4,1.8,6.2,0.111,1.6,-0.4,1.1,2.1
34,Nicolas Batum,SHOOTING GUARD,29,CHARLOTTE HORNETS,64,1981,14.4,0.523,0.422,0.2,3.1,13.8,8.4,26.2,1.6,1,15.6,18.3,1.7,1.8,3.5,0.084,0.5,-0.1,0.4,1.2
35,Jerryd Bayless,SHOOTING GUARD,29,PHILADELPHIA 76ERS,39,925,7.5,0.546,0.557,0.168,1.8,7.3,4.7,8,1.2,0.5,14.1,15.1,0.2,0.9,1.1,0.055,-2.7,-0.2,-2.8,-0.2
36,Aron Baynes,CENTER,31,BOSTON CELTICS,81,1485,12,0.502,0.047,0.175,9.7,22.1,16,9.6,0.7,2.9,14.3,16.8,0.5,2.5,3,0.097,-3.6,0.7,-2.9,-0.3
37,Kent Bazemore,SHOOTING GUARD,28,ATLANTA HAWKS,65,1789,14.5,0.547,0.405,0.297,1.6,13.9,7.7,20.1,2.7,2.2,17,22.5,0.2,2,2.2,0.059,-0.4,1,0.6,1.2
38,Bradley Beal,SHOOTING GUARD,24,WASHINGTON WIZARDS,82,2977,18.4,0.564,0.357,0.249,2.3,11.5,6.9,21,1.6,1.1,11.5,27.6,4.4,2.5,6.9,0.111,2.9,-0.7,2.2,3.1
39,Malik Beasley,SHOOTING GUARD,21,DENVER NUGGETS,62,583,9,0.509,0.461,0.185,2.7,11,6.9,7.4,1.3,1,11.1,16.2,0.1,0.3,0.3,0.028,-2.4,-1.4,-3.8,-0.3
40,Michael Beasley,POWER FORWARD,29,NEW YORK KNICKS,74,1653,17.8,0.556,0.107,0.197,6.5,21.2,13.9,12.5,1.1,2.3,14,26.9,0.9,1.5,2.4,0.069,0.6,-0.8,-0.2,0.7
41,Marco Belinelli,SHOOTING GUARD,31,ATLANTA HAWKS,52,1210,14.1,0.554,0.509,0.225,1.3,7.9,4.6,13.5,1.9,0.2,9.2,21.2,1.3,0.6,1.9,0.075,0.6,-0.8,-0.2,0.5
42,Marco Belinelli,SHOOTING GUARD,31,PHILADELPHIA 76ERS,28,737,14.2,0.628,0.53,0.194,0.9,6.3,3.7,9.3,1.3,1,11.7,19.8,1.1,0.7,1.8,0.119,0,-0.8,-0.8,0.2
43,Jordan Bell,CENTER,23,GOLDEN STATE WARRIORS,57,809,18,0.641,0.022,0.238,8.9,19,14.3,16.9,2.1,5.5,20,13.9,1.6,1.4,2.9,0.174,0,2.8,2.8,1
44,DeAndre' Bembry,SMALL FORWARD,23,ATLANTA HAWKS,26,455,7.6,0.477,0.234,0.258,2,15.7,8.8,15.9,2.3,2.3,24.8,18.2,-0.9,0.5,-0.4,-0.04,-5.1,0.3,-4.7,-0.3
45,Dragan Bender,POWER FORWARD,20,PHOENIX SUNS,82,2069,7.1,0.524,0.665,0.105,2,16.8,9.3,8.9,0.5,2.1,18.1,12.7,-0.7,0.8,0.1,0.001,-2.9,-0.8,-3.7,-0.9
46,Dāvis Bertāns,POWER FORWARD,25,SAN ANTONIO SPURS,77,1086,14.1,0.588,0.689,0.134,1.8,13.9,7.8,10.3,1.2,2.1,8.5,17.4,1.6,1.4,3.1,0.135,1,0.6,1.6,1
47,Patrick Beverley,SHOOTING GUARD,29,LOS ANGELES CLIPPERS,11,334,12.4,0.53,0.504,0.143,5.3,9.4,7.4,13.8,2.8,1.3,16.5,19.6,0.1,0.3,0.4,0.056,-0.3,0.8,0.5,0.2
48,Khem Birch,CENTER,25,ORLANDO MAGIC,42,578,16.4,0.582,0,0.484,13.2,21.1,17.1,8.5,1.3,2.9,12.1,13.2,1.2,0.6,1.8,0.15,-0.7,-0.2,-0.9,0.2
49,Jabari Bird,SHOOTING GUARD,23,BOSTON CELTICS,13,115,12.1,0.615,0.269,0.5,5.8,12.2,9,10.5,1.3,0.7,20.1,15.4,0.1,0.2,0.2,0.098,-2.7,-0.4,-3.1,0
50,Bismack Biyombo,CENTER,25,ORLANDO MAGIC,82,1495,14.1,0.556,0.003,0.446,10.5,24,17.2,6.5,0.7,5.1,16.6,14.9,1.1,1.8,2.9,0.094,-2.6,0.2,-2.4,-0.2
51,Nemanja Bjelica,POWER FORWARD,29,MINNESOTA TIMBERWOLVES,67,1371,12.6,0.581,0.493,0.121,4.4,18.8,11.5,8.7,1.8,1,11.7,14.3,1.7,1.1,2.8,0.097,-0.1,0.2,0.1,0.7
52,Tarik Black,CENTER,26,HOUSTON ROCKETS,51,536,14.3,0.582,0.087,0.496,13.4,20.9,17.1,3.7,1.9,4.8,18.4,15.6,0.5,1,1.5,0.136,-3.7,1.2,-2.6,-0.1
53,Antonio Blakeney,SHOOTING GUARD,21,CHICAGO BULLS,19,314,10.1,0.471,0.364,0.273,1.3,10.3,5.6,10.1,1.1,0.3,6.4,23.7,-0.2,0.1,0,-0.006,-2.8,-2.4,-5.2,-0.3
54,Eric Bledsoe,POINT GUARD,28,PHOENIX SUNS,3,83,13,0.509,0.325,0.35,3.8,5.2,4.5,17.9,2.3,1.9,17.8,28.7,-0.1,0,0,-0.028,-0.7,-2.4,-3.2,0
55,Eric Bledsoe,POINT GUARD,28,MILWAUKEE BUCKS,71,2239,20,0.585,0.366,0.319,2.5,11.9,7.2,26,3.2,1.5,16,26,3.2,2.4,5.7,0.121,2.4,0.4,2.8,2.7
56,Vander Blue,SHOOTING GUARD,25,LOS ANGELES LAKERS,5,45,-1.8,0.255,0.4,0.4,0,2.3,1.2,8.2,1.1,0,33.8,8.4,-0.1,0,-0.1,-0.103,-7.6,-0.7,-8.4,-0.1
57,Bogdan Bogdanović,SHOOTING GUARD,25,SACRAMENTO KINGS,78,2175,13.5,0.556,0.426,0.154,1.6,10.5,5.8,18.3,1.7,0.7,13.2,19.6,1.8,1.1,2.9,0.064,-0.6,-0.9,-1.5,0.3
58,Bojan Bogdanović,SMALL FORWARD,28,INDIANA PACERS,80,2464,13.9,0.605,0.453,0.241,1.4,10.9,6.2,7.1,1.1,0.3,10.1,19,3.8,1.6,5.4,0.105,0.5,-1.2,-0.7,0.8
59,Andrew Bogut,CENTER,33,LOS ANGELES LAKERS,24,216,10.9,0.696,0,0.08,12.9,25.4,19.2,9.1,0.9,4.9,42.3,8.8,0.1,0.3,0.4,0.094,-4.7,1.9,-2.8,-0.1
60,Joel Bolomboy,POWER FORWARD,24,MILWAUKEE BUCKS,6,38,11.7,0.521,0.167,1,18.6,12.3,15.4,0,2.6,0,18.8,12.6,0,0,0.1,0.079,-2.6,-2.4,-5,0
61,Devin Booker,SHOOTING GUARD,21,PHOENIX SUNS,54,1865,18.1,0.561,0.364,0.312,1.5,12.7,7,24.4,1.2,0.6,13.9,31.7,1.9,0.6,2.4,0.063,2.9,-2,0.9,1.4
62,Trevor Booker,POWER FORWARD,30,BROOKLYN NETS,18,395,15.4,0.536,0.08,0.287,10.1,22,16,16.2,1,0.9,15.1,21.8,0.3,0.3,0.6,0.072,-1.1,-0.5,-1.7,0
63,Trevor Booker,POWER FORWARD,30,PHILADELPHIA 76ERS,33,494,14.5,0.618,0.064,0.358,10.7,15.7,13.3,7.6,1.6,1.9,13.7,12.6,1,0.7,1.7,0.163,-0.3,0.9,0.7,0.3
64,Trevor Booker,POWER FORWARD,30,INDIANA PACERS,17,269,14.7,0.512,0.167,0.131,13.5,18.8,16.2,9,0.7,1.6,9.2,16.2,0.4,0.2,0.7,0.118,-0.3,-0.8,-1.1,0.1
65,Chris Boucher,POWER FORWARD,25,GOLDEN STATE WARRIORS,1,1,-28.5,0,1,0,0,100,55.9,0,0,0,0,43.9,0,0,0,-0.899,-21.7,-11.4,-33.1,0
66,Avery Bradley,SHOOTING GUARD,27,DETROIT PISTONS,40,1268,9.7,0.497,0.34,0.14,1.6,6.7,4.1,10.5,1.8,0.5,13.3,24.4,-1.4,1.1,-0.2,-0.009,-2.8,-1.1,-3.9,-0.6
67,Avery Bradley,SHOOTING GUARD,27,LOS ANGELES CLIPPERS,6,165,9,0.492,0.164,0.036,2,12.5,7.3,9.8,1.5,0.5,12.5,16.7,-0.1,0.1,0,0.009,-4.1,-0.3,-4.4,-0.1
68,Tony Bradley,CENTER,20,UTAH JAZZ,9,29,9.5,0.337,0.091,0.182,15.8,27.1,21.5,5,0,0,0,18.4,0,0,0,0.033,-3,-4.5,-7.5,0
69,Corey Brewer,SMALL FORWARD,31,LOS ANGELES LAKERS,54,694,8.9,0.509,0.25,0.297,3.6,10.7,7.1,8.1,2.8,0.9,16.3,14.2,-0.2,0.9,0.7,0.048,-4.7,1.6,-3.1,-0.2
70,Corey Brewer,SHOOTING GUARD,31,OKLAHOMA CITY THUNDER,18,514,14.2,0.565,0.465,0.271,4.2,9.2,6.6,6.7,3.7,1.1,6.4,14.4,0.9,0.7,1.6,0.15,-1.2,2.3,1.1,0.4
71,Malcolm Brogdon,POINT GUARD,25,MILWAUKEE BUCKS,48,1436,14.3,0.578,0.32,0.169,1.9,10.8,6.4,16.3,1.4,0.8,10.9,19.1,2,0.7,2.7,0.091,-0.1,-1,-1.2,0.3
72,Aaron Brooks,POINT GUARD,33,MINNESOTA TIMBERWOLVES,32,189,9.8,0.508,0.449,0.159,4.2,6.2,5.2,15.1,1.6,0,13,19.9,0.1,0.1,0.1,0.033,-2.6,-1.3,-3.8,-0.1
73,Dillon Brooks,SMALL FORWARD,22,MEMPHIS GRIZZLIES,82,2350,9.8,0.531,0.342,0.215,2.4,10.5,6.3,9.3,1.6,0.7,12.8,18.5,0.1,1.1,1.2,0.024,-2.9,-1.1,-4,-1.2
74,MarShon Brooks,SHOOTING GUARD,29,MEMPHIS GRIZZLIES,7,193,26.1,0.629,0.314,0.225,4.7,8,6.3,25.9,2.9,1.5,12.5,29.8,0.6,0.2,0.7,0.179,7.5,-0.4,7.1,0.4
75,Anthony Brown,SMALL FORWARD,25,MINNESOTA TIMBERWOLVES,1,4,41.9,1.5,1,0,0,0,0,41.7,0,0,0,11.1,0,0,0,0.571,26.2,4.3,30.5,0
76,Bobby Brown,POINT GUARD,33,HOUSTON ROCKETS,20,115,5.5,0.425,0.69,0.034,0,6.8,3.4,15,1.7,0,13.3,26.1,-0.3,0.1,-0.2,-0.08,-4.9,-2.3,-7.2,-0.2
77,Jaylen Brown,SHOOTING GUARD,21,BOSTON CELTICS,70,2152,13.6,0.562,0.381,0.29,3.4,14,8.8,8.5,1.6,1,12,21.4,1.2,3.2,4.5,0.1,-0.8,0.3,-0.5,0.8
78,Lorenzo Brown,POINT GUARD,27,TORONTO RAPTORS,14,139,8.2,0.459,0.353,0.059,0.8,11.1,6,12.4,1.8,0,7.9,11.9,0,0.1,0.2,0.06,-3.9,1.5,-2.5,0
79,Markel Brown,SHOOTING GUARD,26,HOUSTON ROCKETS,4,31,-1.2,0.357,0.714,0,3.7,14.4,9.1,8.7,0,0,22.2,12.8,-0.1,0,0,-0.063,-8.8,-2,-10.8,-0.1
80,Sterling Brown,SHOOTING GUARD,22,MILWAUKEE BUCKS,54,776,9.1,0.503,0.444,0.117,4.1,17.5,10.8,4.5,2,1.4,10.4,14,0,0.7,0.7,0.043,-2.8,-0.2,-3.1,-0.2
81,Nicolás Brussino,SMALL FORWARD,24,ATLANTA HAWKS,4,10,-4.6,0,1,0,0,33.5,16.7,0,0,0,0,8.7,0,0,0,-0.18,-8.1,-3.2,-11.3,0
82,Thomas Bryant,CENTER,20,LOS ANGELES LAKERS,15,72,9.9,0.441,0.476,0.429,4.5,20.5,12.6,11.5,0.7,2.3,7.4,15.9,0,0.1,0.1,0.05,-3.1,-0.2,-3.3,0
83,Reggie Bullock,SMALL FORWARD,26,DETROIT PISTONS,62,1732,13.6,0.615,0.515,0.09,1.7,8.3,4.9,8.4,1.4,0.7,7.6,15.7,2.8,1.4,4.2,0.117,0.7,0,0.7,1.2
84,Trey Burke,POINT GUARD,25,NEW YORK KNICKS,36,785,21,0.563,0.273,0.148,1.8,8.2,5,36.4,1.5,0.4,9.5,25.1,2,0.3,2.4,0.145,3.9,-1.4,2.5,0.9
85,Alec Burks,SHOOTING GUARD,26,UTAH JAZZ,64,1059,13.1,0.527,0.343,0.3,2.1,18.4,10.3,10,1.8,0.6,11.4,22.5,0.2,1.6,1.9,0.084,-1.3,0.4,-0.9,0.3
86,Jimmy Butler,SHOOTING GUARD,28,MINNESOTA TIMBERWOLVES,59,2164,23.7,0.59,0.217,0.461,4.2,12.7,8.4,20.6,2.7,1,8.9,24.9,7.1,1.8,8.9,0.198,5,0.7,5.8,4.2
87,Dwight Buycks,POINT GUARD,28,DETROIT PISTONS,29,427,12.8,0.498,0.227,0.207,3,7.7,5.3,22.4,2.2,0.4,15.3,26.4,-0.2,0.4,0.2,0.027,-2.3,-0.7,-3.1,-0.1
88,Bruno Caboclo,SMALL FORWARD,22,TORONTO RAPTORS,2,7,-0.1,0,1,0,0,15.7,8,16.7,7,0,0,12.5,0,0,0,-0.113,-8.2,5.7,-2.6,0
89,Bruno Caboclo,SMALL FORWARD,22,SACRAMENTO KINGS,10,100,7.9,0.411,0.517,0.207,7.6,16.6,12,4.2,1,3.8,11.2,16,-0.1,0.1,0,-0.015,-4.5,-1.5,-6.1,-0.1
90,José Calderón,POINT GUARD,36,CLEVELAND CAVALIERS,57,914,11.3,0.643,0.524,0.162,1.7,8.5,5.2,17.4,1.4,0.2,17.1,11.6,1.5,0.3,1.8,0.095,-1.4,-0.5,-1.9,0
91,Kentavious Caldwell-Pope,SHOOTING GUARD,24,LOS ANGELES LAKERS,74,2458,13.2,0.561,0.52,0.243,2.6,14.1,8.4,9.4,2.1,0.5,9.9,16.9,2.6,2.7,5.3,0.103,-0.4,0.6,0.3,1.4
92,Isaiah Canaan,SHOOTING GUARD,26,HOUSTON ROCKETS,1,4,-7.3,0,0,0,0,27.9,14.1,0,0,0,0,11,0,0,0,-0.224,-12.4,-4.5,-16.9,0
93,Isaiah Canaan,POINT GUARD,26,PHOENIX SUNS,19,418,13.7,0.543,0.485,0.375,1.5,9.9,5.6,26.9,1.8,0.2,15.5,19,0.5,0.1,0.7,0.075,-0.4,-0.7,-1.1,0.1
94,Clint Capela,CENTER,23,HOUSTON ROCKETS,74,2034,24.5,0.65,0.001,0.38,13.5,30.8,22.2,5.7,1.4,5.7,11.5,19.4,6.2,4.1,10.2,0.242,2.4,1,3.4,2.8
95,DeMarre Carroll,POWER FORWARD,31,BROOKLYN NETS,73,2180,14.3,0.55,0.498,0.313,5.1,18.4,11.7,10.5,1.3,1,10.3,19.8,2.3,1.8,4.1,0.091,0.5,-0.4,0.2,1.2
96,Vince Carter,SMALL FORWARD,41,SACRAMENTO KINGS,58,1026,10.8,0.523,0.583,0.131,1.9,15.1,8.2,9.7,2.1,2.4,10.7,14.7,0.3,0.9,1.2,0.056,-1.9,0.7,-1.2,0.2
97,Michael Carter-Williams,POINT GUARD,26,CHARLOTTE HORNETS,52,835,10.8,0.446,0.258,0.389,4.7,13.3,8.9,19.4,2.6,2.3,16.2,16.6,-0.2,1.1,0.9,0.05,-3.3,1.8,-1.5,0.1
98,Alex Caruso,POINT GUARD,23,LOS ANGELES LAKERS,37,562,8.7,0.519,0.371,0.259,2.9,9.4,6.2,17.8,2,1.4,24.5,12.9,-0.1,0.6,0.5,0.041,-3.8,0.9,-2.9,-0.1
99,Omri Casspi,SMALL FORWARD,29,GOLDEN STATE WARRIORS,53,740,15.5,0.632,0.106,0.333,4.9,24,15.1,9.5,1.2,2,13.5,16.3,1.2,1,2.2,0.141,-0.9,0,-0.9,0.2
100,Willie Cauley-Stein,CENTER,24,SACRAMENTO KINGS,73,2044,17.6,0.529,0.016,0.32,7,22,14.2,13.7,1.9,3.1,11,21.8,1.7,2.2,3.9,0.092,-0.4,0.3,-0.1,1
101,Tyler Cavanaugh,POWER FORWARD,23,ATLANTA HAWKS,39,518,13,0.567,0.586,0.138,9.7,17.7,13.7,7.8,0.8,0.7,8,14.8,0.9,0.3,1.2,0.109,-0.4,-1.5,-1.9,0
102,Mario Chalmers,POINT GUARD,31,MEMPHIS GRIZZLIES,66,1421,10.4,0.503,0.431,0.312,1,12,6.4,21.5,2.8,0.9,18.8,19.6,-0.6,1.3,0.6,0.021,-3.7,0.5,-3.2,-0.4
103,Tyson Chandler,CENTER,35,PHOENIX SUNS,46,1151,14.2,0.658,0,0.497,12.2,26.8,19.4,6.6,0.7,1.9,20.6,10.6,1.9,0.8,2.7,0.111,-0.8,-0.6,-1.4,0.2
104,Wilson Chandler,SMALL FORWARD,30,DENVER NUGGETS,74,2346,10.9,0.542,0.39,0.181,4.9,14.1,9.6,9.4,0.9,1.4,11.9,14.3,2.1,1.2,3.3,0.067,-1,-1.1,-2.1,-0.1
105,Marquese Chriss,POWER FORWARD,20,PHOENIX SUNS,72,1527,11.1,0.509,0.398,0.331,5.2,22.7,13.8,8.1,1.6,3.7,16.4,18.1,-0.8,1.5,0.7,0.023,-3.2,0.4,-2.8,-0.3
106,Ian Clark,SHOOTING GUARD,26,NEW ORLEANS PELICANS,74,1455,9.4,0.529,0.394,0.119,0.8,8.4,4.7,10.4,1.1,0.5,9.9,17.2,0.3,0.8,1.1,0.037,-2.7,-0.8,-3.5,-0.6
107,Jordan Clarkson,SHOOTING GUARD,25,LOS ANGELES LAKERS,53,1256,16.9,0.532,0.315,0.198,3.8,9.7,6.7,22.9,1.5,0.2,11.6,27.7,1.1,1,2.1,0.08,1.9,-1.1,0.8,0.9
108,Jordan Clarkson,SHOOTING GUARD,25,CLEVELAND CAVALIERS,28,632,15.4,0.565,0.376,0.202,2.3,7.9,5.1,12,1.5,0.4,9.3,24.1,0.8,0.2,1,0.073,0.5,-1.8,-1.3,0.1
109,Gian Clavell,SHOOTING GUARD,24,DALLAS MAVERICKS,7,64,7.4,0.53,0.833,0.111,1.7,10.8,6.1,6.7,1.6,0,9.6,14.8,0,0,0.1,0.042,-2.7,0.5,-2.2,0
110,Antonius Cleveland,SHOOTING GUARD,23,DALLAS MAVERICKS,13,81,5.1,0.317,0.071,0.286,2.6,11.4,6.9,3.3,3.7,4.4,11.3,10,-0.1,0.1,0,-0.005,-7.3,4,-3.3,0
111,Antonius Cleveland,SHOOTING GUARD,23,ATLANTA HAWKS,4,42,3.5,0.825,0.429,0.286,2.7,8,5.3,0,1.2,2,38.8,13.4,0,0,0,-0.009,-8.3,-0.7,-9,-0.1
112,John Collins,POWER FORWARD,20,ATLANTA HAWKS,74,1785,18.3,0.62,0.086,0.341,11,22.8,16.9,8.9,1.3,3.8,14.3,17.9,3.4,2,5.4,0.145,-0.4,0.2,-0.2,0.8
113,Zach Collins,CENTER,20,PORTLAND TRAIL BLAZERS,66,1045,7.5,0.475,0.391,0.145,4.7,18.2,11.5,7.1,0.8,2.4,15.9,15.4,-0.7,1.3,0.6,0.03,-4.5,0.2,-4.3,-0.6
114,Kyle Collinsworth,SMALL FORWARD,26,DALLAS MAVERICKS,32,480,10,0.433,0.172,0.404,7.2,18,12.4,16.4,1.8,1.7,17.1,13.3,-0.1,0.5,0.5,0.046,-3.6,0.9,-2.6,-0.1
115,Darren Collison,POINT GUARD,30,INDIANA PACERS,69,2018,18.8,0.61,0.321,0.226,2.1,7.8,5,26.4,2.3,0.7,10.9,17.4,5.8,1.8,7.6,0.181,2.4,0.3,2.7,2.4
116,Nick Collison,POWER FORWARD,37,OKLAHOMA CITY THUNDER,15,75,13.2,0.627,0,0.684,10,19.9,14.8,8.2,0,0,22.1,18.2,0.1,0,0.1,0.064,-2.3,-1.9,-4.2,0
117,Mike Conley,POINT GUARD,30,MEMPHIS GRIZZLIES,12,373,15.4,0.52,0.458,0.393,0,8.6,4.2,22.2,1.6,0.8,8.4,25.9,0.4,0.2,0.6,0.077,1.3,-0.8,0.5,0.2
118,Pat Connaughton,SHOOTING GUARD,25,PORTLAND TRAIL BLAZERS,82,1488,9.3,0.539,0.538,0.113,2.7,9.1,5.9,8.7,0.8,1.2,9.5,13.4,1.2,1.3,2.5,0.08,-1.7,-0.1,-1.8,0.1
119,Quinn Cook,POINT GUARD,24,GOLDEN STATE WARRIORS,33,740,12.8,0.593,0.413,0.099,1.6,10.2,6.2,16.6,0.8,0.1,10.8,17.5,1.1,0.4,1.6,0.101,-0.1,-1.5,-1.6,0.1
120,Charles Cooke,SHOOTING GUARD,23,NEW ORLEANS PELICANS,13,38,-5.1,0.202,0.571,0.143,0,5.5,2.9,3.2,1.3,0,6.3,18.1,-0.2,0,-0.2,-0.239,-10.4,-4,-14.4,-0.1
121,Jack Cooley,POWER FORWARD,26,SACRAMENTO KINGS,7,87,19.7,0.566,0,0.704,17.6,21.9,19.6,10.5,0.6,0,7.8,19.8,0.3,0,0.3,0.182,0.9,-1.4,-0.6,0
122,Matt Costello,CENTER,24,SAN ANTONIO SPURS,4,32,9.7,0.5,0,0,3.4,27.9,15.6,8.3,3.2,5.2,20,7,0,0.1,0.1,0.127,-6,5.3,-0.7,0
123,DeMarcus Cousins,CENTER,27,NEW ORLEANS PELICANS,48,1737,22.6,0.583,0.34,0.456,6.8,30.9,19.2,23,2.2,3.5,18.9,31.9,1.5,3.2,4.7,0.13,2.5,2.2,4.7,2.9
124,Robert Covington,SMALL FORWARD,27,PHILADELPHIA 76ERS,80,2532,12.9,0.563,0.658,0.163,2.4,15.5,9.2,8.7,2.6,2.4,12.3,17.2,1.6,4.5,6.1,0.116,-0.2,1.7,1.5,2.3
125,Allen Crabbe,SHOOTING GUARD,25,BROOKLYN NETS,75,2197,12.3,0.558,0.643,0.163,1.3,14.4,7.8,8.4,1,1.2,8.1,19,1.8,1.4,3.2,0.07,0,-0.7,-0.7,0.7
126,Torrey Craig,SMALL FORWARD,27,DENVER NUGGETS,39,629,9.8,0.535,0.423,0.255,7.2,15.5,11.4,5.4,0.9,2,11.6,11.9,0.5,0.4,0.9,0.069,-2.2,-0.7,-2.9,-0.1
127,Jamal Crawford,SHOOTING GUARD,37,MINNESOTA TIMBERWOLVES,80,1653,13,0.519,0.423,0.152,1.4,5.5,3.5,16.9,1.2,0.5,10.7,23.7,0.9,0.3,1.3,0.037,0.1,-2.5,-2.3,-0.1
128,Jordan Crawford,SHOOTING GUARD,29,NEW ORLEANS PELICANS,5,53,19.1,0.601,0.519,0.037,4.2,4,4.1,37.7,0.9,1.5,15.4,26.5,0.1,0,0.2,0.15,4.9,-0.7,4.2,0.1
129,Jae Crowder,SMALL FORWARD,27,CLEVELAND CAVALIERS,53,1346,10.2,0.545,0.503,0.245,3.5,10.8,7.2,6,1.5,0.8,9.2,15.1,1.1,0.6,1.7,0.059,-1.9,-1,-3,-0.3
130,Jae Crowder,SMALL FORWARD,27,UTAH JAZZ,27,744,10.8,0.499,0.515,0.19,2.8,12.7,7.8,8.6,1.6,1,9.1,21.3,-0.1,1,0.9,0.06,-1.9,0.2,-1.7,0.1
131,Dante Cunningham,SMALL FORWARD,30,NEW ORLEANS PELICANS,51,1115,8.4,0.525,0.48,0.16,5,13.4,9.4,3,1.2,1.1,6.2,10,0.7,0.9,1.6,0.067,-1.9,-0.1,-2,0
132,Dante Cunningham,SMALL FORWARD,30,BROOKLYN NETS,22,447,13.8,0.561,0.432,0.115,6.6,18.5,12.5,7.6,1.3,2.3,10.4,15.8,0.4,0.4,0.9,0.092,-0.6,-0.4,-0.9,0.1
133,Stephen Curry,POINT GUARD,29,GOLDEN STATE WARRIORS,51,1631,28.2,0.675,0.58,0.35,2.7,14.4,9,30.3,2.4,0.4,13.3,31,7.2,1.9,9.1,0.267,7.8,0,7.7,4
134,Troy Daniels,SHOOTING GUARD,26,PHOENIX SUNS,79,1622,9.8,0.583,0.797,0.111,0.8,7.7,4.2,4.5,0.8,0.2,8.5,17.2,1.4,0,1.4,0.042,-0.5,-2.1,-2.6,-0.3
135,Anthony Davis,POWER FORWARD,24,NEW ORLEANS PELICANS,75,2727,28.9,0.612,0.111,0.409,7.7,24.8,16.5,10.8,2,5.6,8.6,30,8.8,4.9,13.7,0.241,5.3,1.4,6.7,5.9
136,Deyonta Davis,CENTER,21,MEMPHIS GRIZZLIES,62,943,16.6,0.621,0,0.215,9,22,15.3,7.1,0.8,3.9,9.9,15.3,1.9,0.8,2.7,0.138,-0.9,-0.6,-1.5,0.1
137,Ed Davis,CENTER,28,PORTLAND TRAIL BLAZERS,78,1471,15.5,0.607,0.003,0.38,13.7,28.8,21.3,3.9,1.1,2.9,16.2,12.1,2.5,2.5,5,0.164,-1.2,0.6,-0.6,0.5
138,Dewayne Dedmon,CENTER,28,ATLANTA HAWKS,62,1542,15.8,0.599,0.296,0.18,7.2,28.1,17.7,9.2,1.3,2.8,14.3,17,1.8,1.9,3.7,0.114,-0.4,0.5,0.1,0.8
139,Sam Dekker,POWER FORWARD,23,LOS ANGELES CLIPPERS,73,883,11.5,0.534,0.232,0.216,5.6,16,10.8,6.2,1.3,0.9,10.4,15.5,0.6,0.6,1.2,0.066,-2.3,-0.6,-2.9,-0.2
140,Malcolm Delaney,POINT GUARD,28,ATLANTA HAWKS,54,1014,10.6,0.519,0.435,0.323,1,10,5.5,23.4,1.7,0.5,16.9,16.9,0.4,0.6,1,0.047,-2.2,-0.4,-2.6,-0.1
141,Matthew Dellavedova,POINT GUARD,27,MILWAUKEE BUCKS,38,712,8.6,0.5,0.513,0.178,2.3,8.2,5.3,27.4,1,0,23,13.5,0.3,0.2,0.5,0.032,-2.4,-2,-4.4,-0.4
142,Luol Deng,SMALL FORWARD,32,LOS ANGELES LAKERS,1,13,5.5,0.5,0,0,0,0,0,10.1,3.7,0,33.3,9.8,0,0,0,-0.018,-5.3,2.4,-2.9,0
143,DeMar DeRozan,SHOOTING GUARD,28,TORONTO RAPTORS,80,2711,21,0.555,0.203,0.396,2.5,10.4,6.5,25,1.5,0.6,9.5,29.6,6.8,2.8,9.6,0.17,3.3,-0.6,2.8,3.2
144,Cheick Diallo,POWER FORWARD,21,NEW ORLEANS PELICANS,52,581,17,0.619,0,0.375,9.1,29.6,19.7,4.7,0.9,2.9,12,17.4,1.1,0.8,1.9,0.157,-1.3,0.1,-1.2,0.1
145,Gorgui Dieng,CENTER,28,MINNESOTA TIMBERWOLVES,79,1333,14.7,0.543,0.157,0.263,9.1,22.2,15.6,7.5,1.7,2.6,12,16.3,1.6,1.4,2.9,0.105,-0.9,-0.1,-1,0.3
146,Spencer Dinwiddie,POINT GUARD,24,BROOKLYN NETS,80,2306,15.9,0.527,0.517,0.32,1.8,10.2,6,35,1.4,0.7,11.8,20.3,4.3,1.4,5.7,0.118,1.3,-0.7,0.6,1.5
147,Tyler Dorsey,SHOOTING GUARD,21,ATLANTA HAWKS,56,974,10,0.494,0.521,0.165,1.9,12.9,7.4,12.5,0.9,0.4,8.3,20,0,0.4,0.4,0.02,-1.4,-1.5,-2.9,-0.2
148,Damyean Dotson,SHOOTING GUARD,23,NEW YORK KNICKS,44,474,11.6,0.532,0.422,0.143,2.1,17.5,9.8,9.5,1.3,0.4,9,17.3,0.3,0.3,0.6,0.06,-1.6,-0.6,-2.3,0
149,Milton Doyle,SHOOTING GUARD,24,BROOKLYN NETS,10,125,5.2,0.337,0.489,0.17,2.5,12.9,7.6,11.7,2.3,1.2,3.8,18.2,-0.3,0.1,-0.1,-0.052,-6.6,-0.2,-6.8,-0.1
150,PJ Dozier,POINT GUARD,21,OKLAHOMA CITY THUNDER,2,3,-5,0.5,0,0,0,38.3,18.5,0,0,0,33.3,42.9,0,0,0,-0.404,-17.7,-2.7,-20.4,0
151,Goran Dragić,POINT GUARD,31,MIAMI HEAT,75,2378,16.6,0.543,0.279,0.252,2.5,12,7.2,25.4,1.3,0.4,12.2,25.7,2.9,2.3,5.3,0.106,0.9,-0.6,0.3,1.4
152,Larry Drew II,POINT GUARD,27,PHILADELPHIA 76ERS,3,15,-9.4,0.143,0.429,0,7.5,0,3.6,17.1,0,0,12.5,22.8,-0.1,0,-0.1,-0.299,-15.2,-7.4,-22.6,-0.1
153,Larry Drew II,POINT GUARD,27,NEW ORLEANS PELICANS,7,55,6.3,0.441,0.353,0,4.1,0,2,18.9,0,0,10.5,15,0,0,0,0.003,-3,-2.3,-5.3,0
154,Andre Drummond,CENTER,24,DETROIT PISTONS,78,2625,22.9,0.555,0.012,0.448,16.4,36.4,26.2,14.3,2.2,4.3,15.9,21.2,4.6,5.7,10.3,0.189,1.5,1.7,3.2,3.4
155,Jared Dudley,POWER FORWARD,32,PHOENIX SUNS,48,686,8.8,0.553,0.656,0.287,1.2,13.6,7.3,15.6,1.7,1.3,16.9,10.2,0.5,0.4,0.8,0.058,-3,0.5,-2.5,-0.1
156,Kris Dunn,POINT GUARD,23,CHICAGO BULLS,52,1525,14.5,0.488,0.201,0.171,1.6,14.4,7.8,33.3,3.3,1.6,17.3,24.7,-1,1.9,0.9,0.027,-2.4,1.1,-1.3,0.3
157,Kevin Durant,SMALL FORWARD,29,GOLDEN STATE WARRIORS,68,2325,26,0.64,0.338,0.331,1.6,19.5,11.2,25.5,1,4,12.9,30.4,7.5,2.9,10.4,0.215,6.7,0.6,7.3,5.5
158,Jarell Eddie,SMALL FORWARD,26,BOSTON CELTICS,2,6,4,0,1,0,0,18,9.1,0,8.3,0,0,7.4,0,0,0,-0.026,-7,5.6,-1.3,0
159,Jarell Eddie,SMALL FORWARD,26,CHICAGO BULLS,1,3,-13.5,0,1,0,0,0,0,0,0,0,0,14.5,0,0,0,-0.373,-13.3,-8.8,-22.1,0
160,Henry Ellenson,POWER FORWARD,21,DETROIT PISTONS,38,329,10.5,0.476,0.411,0.199,3.3,24.3,13.6,9.4,0.8,0,10.2,23.8,-0.2,0.4,0.1,0.02,-2.6,-1.9,-4.4,-0.2
161,Wayne Ellington,SHOOTING GUARD,30,MIAMI HEAT,77,2041,12.5,0.588,0.827,0.111,1.3,10.7,6,5.9,1.3,0.3,6.6,17.3,2.6,1.9,4.5,0.105,1,-0.6,0.4,1.2
162,Joel Embiid,CENTER,23,PHILADELPHIA 76ERS,63,1912,22.9,0.573,0.203,0.442,8.4,29.7,19.4,18,1,4.8,15.6,33.4,2.3,3.8,6.2,0.155,2,1.3,3.3,2.6
163,James Ennis,SMALL FORWARD,27,MEMPHIS GRIZZLIES,45,1053,11.9,0.61,0.378,0.329,5.7,11.7,8.6,7,1.5,1.1,13,12.5,1.5,0.6,2,0.093,-0.5,-0.1,-0.6,0.4
164,James Ennis,SMALL FORWARD,27,DETROIT PISTONS,27,551,11.2,0.558,0.426,0.265,3.9,9.6,6.7,5.9,1.4,1,9,16,0.5,0.5,1,0.09,-2.2,-0.2,-2.3,-0.1
165,Tyler Ennis,POINT GUARD,23,LOS ANGELES LAKERS,54,683,11.1,0.473,0.25,0.129,3,11.8,7.4,21.9,2.1,1.2,13.8,17.1,0.1,0.7,0.8,0.058,-3,0.9,-2.1,0
166,Jawun Evans,POINT GUARD,21,LOS ANGELES CLIPPERS,48,778,7.2,0.421,0.213,0.194,1.3,10.4,5.9,17.8,2.3,0.6,13.8,17.7,-0.8,0.6,-0.2,-0.011,-5.4,0.4,-5,-0.6
167,Jeremy Evans,SMALL FORWARD,30,ATLANTA HAWKS,1,5,10.4,1,0,0,22.3,0,11.2,0,0,0,50,17.5,0,0,0,-0.028,-5.7,-4.2,-9.9,0
168,Tyreke Evans,POINT GUARD,28,MEMPHIS GRIZZLIES,52,1607,21.1,0.561,0.354,0.258,3.1,16.3,9.5,31.2,1.8,1,11.5,28.4,3.1,1.2,4.2,0.126,4.9,-0.5,4.5,2.6
169,Dante Exum,POINT GUARD,22,UTAH JAZZ,14,235,16.7,0.566,0.207,0.356,2,10.5,6.3,29.7,1.7,1.1,16.6,23.1,0.3,0.3,0.7,0.133,-0.3,0.4,0.1,0.1
170,Kenneth Faried,POWER FORWARD,28,DENVER NUGGETS,32,461,17.4,0.552,0.007,0.345,16.7,20.7,18.7,5.8,1.3,2.4,11.9,18.3,0.9,0.4,1.3,0.132,-0.3,-1.7,-2.1,0
171,Derrick Favors,CENTER,26,UTAH JAZZ,77,2153,18.8,0.593,0.09,0.306,10.6,18.5,14.6,7.8,1.3,3.2,9.9,18.5,4.5,3.5,8,0.179,0.9,0.7,1.5,1.9
172,Kay Felder,POINT GUARD,22,CHICAGO BULLS,14,134,3.6,0.386,0.273,0.182,0.8,10.8,5.6,23,1.1,0.7,17.4,28,-0.5,0.1,-0.5,-0.168,-7.4,-3.2,-10.7,-0.3
173,Kay Felder,POINT GUARD,22,DETROIT PISTONS,2,6,2,0.25,0.25,0,36,37.6,36.8,0,0,0,20,36.9,0,0,0,-0.336,-12.9,-8.5,-21.4,0
174,Cristiano Felício,CENTER,25,CHICAGO BULLS,55,977,12.5,0.614,0.009,0.377,8.8,17.1,12.8,8.4,0.8,1,17.7,13.6,1.2,0.5,1.7,0.086,-2.8,-1.1,-3.9,-0.5
175,Raymond Felton,POINT GUARD,33,OKLAHOMA CITY THUNDER,82,1365,13,0.494,0.417,0.08,2,11,6.3,22.5,1.8,1.1,11.7,20.4,0.9,1.3,2.2,0.078,-0.3,-0.3,-0.6,0.5
176,Terrance Ferguson,SHOOTING GUARD,19,OKLAHOMA CITY THUNDER,61,763,7.4,0.545,0.71,0.059,2.7,4.2,3.4,3.4,1.6,1.2,6,10.4,0.7,0.5,1.2,0.077,-3.2,-0.1,-3.3,-0.3
177,Yogi Ferrell,SHOOTING GUARD,24,DALLAS MAVERICKS,82,2282,11.4,0.54,0.492,0.141,1.2,11.2,6.1,13.5,1.4,0.4,9.1,17,1.5,1.5,3,0.064,-1.3,0,-1.4,0.4
178,Dorian Finney-Smith,POWER FORWARD,24,DALLAS MAVERICKS,21,448,7.6,0.482,0.554,0.124,5.3,13.6,9.3,8.4,1.1,0.8,14.1,15.1,-0.2,0.3,0.1,0.015,-3.8,-0.8,-4.6,-0.3
179,Bryn Forbes,SHOOTING GUARD,24,SAN ANTONIO SPURS,80,1517,9.1,0.525,0.459,0.145,0.9,7.2,4,7.8,0.9,0.1,6.5,16.7,0.8,1.3,2.1,0.067,-2.5,-0.6,-3.1,-0.4
180,Evan Fournier,SMALL FORWARD,25,ORLANDO MAGIC,57,1837,15.5,0.577,0.418,0.216,1.4,9.5,5.4,14.8,1.3,0.7,9.8,23.3,2.4,0.9,3.3,0.087,0.8,-1.4,-0.6,0.7
181,De'Aaron Fox,POINT GUARD,20,SACRAMENTO KINGS,73,2026,11.2,0.478,0.192,0.245,1.8,10,5.7,24.6,1.7,0.9,16.4,23.4,-1.7,1.1,-0.6,-0.014,-2.7,-1.5,-4.2,-1.1
182,Tim Frazier,POINT GUARD,27,WASHINGTON WIZARDS,59,838,11.3,0.475,0.326,0.174,2.4,13.1,7.8,31.1,2.8,0.7,23.5,12.8,0.4,1,1.4,0.08,-2.8,1.8,-0.9,0.2
183,Channing Frye,CENTER,34,CLEVELAND CAVALIERS,44,545,13.9,0.604,0.533,0.089,2.1,20.3,11.3,7.5,1.5,1.9,8.8,15.6,0.7,0.5,1.2,0.104,-0.4,0.1,-0.3,0.3
184,Channing Frye,CENTER,34,LOS ANGELES LAKERS,9,150,10.2,0.581,0.581,0.093,1.4,16.2,8.9,9.5,0.3,0.5,8.2,13.8,0.2,0.1,0.3,0.091,-1,-0.5,-1.5,0
185,Markelle Fultz,SHOOTING GUARD,19,PHILADELPHIA 76ERS,14,253,12.4,0.416,0.009,0.189,4.9,13.1,9.2,31.3,2.3,1.3,12.4,23.1,-0.2,0.4,0.2,0.043,-3.3,0.7,-2.6,0
186,Danilo Gallinari,SMALL FORWARD,29,LOS ANGELES CLIPPERS,21,671,13.8,0.545,0.434,0.34,1.5,14.9,8.3,8.9,0.9,1.2,8.1,20.6,0.8,0.4,1.2,0.088,0.4,-0.9,-0.5,0.3
187,Langston Galloway,SHOOTING GUARD,26,DETROIT PISTONS,58,863,12.2,0.503,0.641,0.121,1.6,10.3,5.9,10.1,2,0.5,4.8,19.3,0.5,0.9,1.4,0.08,-0.2,0.2,0.1,0.5
188,Marc Gasol,CENTER,33,MEMPHIS GRIZZLIES,73,2408,17.4,0.532,0.31,0.326,3.7,25.3,14.2,21.7,1.1,3.9,14.1,25.6,1.5,2.6,4,0.08,1.7,0.6,2.3,2.7
189,Pau Gasol,CENTER,37,SAN ANTONIO SPURS,77,1812,18.9,0.539,0.191,0.333,7.8,30.2,19,20.1,0.7,3.6,13.1,20.4,2.7,3.3,6,0.159,1.5,1.9,3.4,2.5
190,Rudy Gay,POWER FORWARD,31,SAN ANTONIO SPURS,57,1231,18,0.545,0.22,0.27,6.8,19.5,13.1,9.8,1.9,2.6,11.5,24.6,1,2.1,3.1,0.122,0.2,0.6,0.8,0.9
191,Paul George,SMALL FORWARD,27,OKLAHOMA CITY THUNDER,79,2891,18.7,0.57,0.454,0.307,2.7,14.9,8.6,14.5,2.8,1.2,12.2,25.7,5,3.9,8.9,0.147,2.3,0.6,2.9,3.6
192,Marcus Georges-Hunt,SHOOTING GUARD,23,MINNESOTA TIMBERWOLVES,42,224,6.9,0.515,0.313,0.438,3.6,4.7,4.1,4.1,1.3,0,5,11.9,0.2,0,0.2,0.049,-4.3,-0.9,-5.1,-0.2
193,Jonathan Gibson,POINT GUARD,30,BOSTON CELTICS,4,40,25.4,0.739,0.522,0,0,8.1,4.1,22.6,0,0,11.5,29,0.1,0,0.2,0.195,4.9,-0.8,4.1,0.1
194,Taj Gibson,POWER FORWARD,32,MINNESOTA TIMBERWOLVES,82,2726,15.4,0.61,0.047,0.251,8.1,16.7,12.4,5.2,1.1,1.9,9.8,14.7,5.4,1.7,7.2,0.126,0.1,-0.7,-0.5,1
195,Manu Ginóbili,SHOOTING GUARD,40,SAN ANTONIO SPURS,65,1299,12.9,0.553,0.415,0.283,1.6,10.6,6.1,19.1,1.7,1,16.8,21.5,0.6,1.6,2.2,0.082,-1.5,0.2,-1.3,0.2
196,Rudy Gobert,CENTER,25,UTAH JAZZ,56,1816,20.7,0.657,0,0.673,10.4,27,18.8,6.9,1.2,6,15.7,16.9,4.2,3.9,8.1,0.214,0.9,2.5,3.4,2.5
197,Aaron Gordon,POWER FORWARD,22,ORLANDO MAGIC,58,1909,16.5,0.53,0.395,0.26,5,21.5,13.2,11.7,1.5,1.9,10,24.7,0.9,2,2.9,0.072,0.9,-0.6,0.3,1.1
198,Eric Gordon,SHOOTING GUARD,29,HOUSTON ROCKETS,69,2154,15.2,0.578,0.627,0.248,1.3,7.5,4.4,11.7,1,1.1,10.8,24.7,2.9,1.8,4.7,0.105,2,-1.6,0.4,1.3
199,Marcin Gortat,CENTER,33,WASHINGTON WIZARDS,82,2075,14.7,0.546,0,0.291,9.9,24,17,10.6,1,2.6,13.5,15.5,2.4,2.4,4.9,0.113,-0.8,0.3,-0.6,0.8
200,Treveon Graham,SHOOTING GUARD,24,CHARLOTTE HORNETS,63,1050,9,0.553,0.439,0.267,4.3,8.3,6.2,7.8,1.5,0.2,9.9,11.3,1.1,0.7,1.8,0.08,-2.8,0.1,-2.7,-0.2
201,Jerami Grant,POWER FORWARD,23,OKLAHOMA CITY THUNDER,81,1647,16.2,0.607,0.241,0.526,5.6,16.3,10.7,5.1,0.9,4.2,8.8,16,3.5,1.9,5.4,0.156,0,0.3,0.3,1
202,Jerian Grant,POINT GUARD,25,CHICAGO BULLS,74,1686,14.3,0.528,0.372,0.374,1.9,9.3,5.5,30.1,1.8,0.4,13.2,17.4,2.3,1,3.3,0.094,-0.9,-0.5,-1.3,0.3
203,Josh Gray,POINT GUARD,24,PHOENIX SUNS,5,86,7.2,0.349,0.317,0.268,2.4,10.1,6.2,20.8,4.5,1.9,13.2,26.1,-0.3,0.1,-0.2,-0.118,-5.2,1,-4.2,0
204,Danny Green,SHOOTING GUARD,30,SAN ANTONIO SPURS,70,1791,11.4,0.509,0.57,0.116,2.5,13,7.7,8.9,1.8,3.7,11.2,16.6,0.1,2.9,2.9,0.078,-1,1.4,0.4,1.1
205,Draymond Green,POWER FORWARD,27,GOLDEN STATE WARRIORS,70,2287,16.1,0.556,0.414,0.279,3.9,21.1,13.1,29,2,3.1,22.5,17.2,2.6,3.4,6.1,0.127,0.9,1.9,2.8,2.8
206,Gerald Green,SHOOTING GUARD,32,HOUSTON ROCKETS,41,929,14.1,0.566,0.722,0.145,1.8,14.2,8.1,4.3,1.3,1.4,6.6,22.4,1,1,2.1,0.107,1,-0.8,0.3,0.5
207,JaMychal Green,POWER FORWARD,27,MEMPHIS GRIZZLIES,55,1542,14,0.53,0.26,0.227,10.8,24.4,17.4,8.3,1,1.5,12.4,17.8,1.3,1.3,2.6,0.079,-0.8,-1.5,-2.3,-0.1
208,Jeff Green,POWER FORWARD,31,CLEVELAND CAVALIERS,78,1828,14.8,0.587,0.275,0.379,3.7,11.2,7.6,8,1.1,1.6,9.4,19.3,3.1,0.8,3.9,0.103,-0.3,-1.5,-1.8,0.1
209,Blake Griffin,POWER FORWARD,28,LOS ANGELES CLIPPERS,33,1139,20.4,0.553,0.324,0.379,4.5,20.5,12.6,25.6,1.3,0.7,12.8,29.3,2,1,3,0.126,3.8,-0.4,3.4,1.6
210,Blake Griffin,POWER FORWARD,28,DETROIT PISTONS,25,831,18.5,0.531,0.323,0.266,3.5,18.9,11,31.5,0.7,1,12.4,28.4,1.1,0.8,1.9,0.113,3.4,0.1,3.4,1.1
211,Daniel Hamilton,SHOOTING GUARD,22,OKLAHOMA CITY THUNDER,6,28,18.2,0.545,0.455,0,0,20.5,9.9,44.2,1.8,0,15.4,19.9,0.1,0,0.1,0.169,1,1.3,2.3,0
212,Tim Hardaway Jr.,SHOOTING GUARD,25,NEW YORK KNICKS,57,1885,14.4,0.533,0.479,0.209,1.9,11.3,6.6,12.7,1.6,0.5,9,23.8,1.6,1.1,2.6,0.067,0.5,-1.1,-0.6,0.7
213,James Harden,SHOOTING GUARD,28,HOUSTON ROCKETS,72,2551,29.8,0.619,0.498,0.502,1.8,15.2,8.6,45.1,2.4,1.7,15.1,36.1,11.6,3.8,15.4,0.289,8.5,1.4,9.9,7.7
214,Maurice Harkless,SMALL FORWARD,24,PORTLAND TRAIL BLAZERS,59,1264,12.6,0.596,0.397,0.199,4,9.9,7,6,1.9,2.8,11,12.6,1.6,1.7,3.2,0.123,-0.4,1.7,1.4,1.1
215,Montrezl Harrell,CENTER,24,LOS ANGELES CLIPPERS,76,1293,24.7,0.647,0.013,0.405,8.9,17,13,10.1,1.4,3.4,9.5,23.8,4.3,1.3,5.5,0.205,3.1,0.2,3.3,1.7
216,Devin Harris,POINT GUARD,34,DALLAS MAVERICKS,44,807,13.5,0.56,0.44,0.394,1.2,10.8,5.8,16.4,2.1,0.9,12.8,21.5,0.7,0.7,1.4,0.085,-1.7,0.7,-1,0.2
217,Devin Harris,POINT GUARD,34,DENVER NUGGETS,27,533,12.4,0.568,0.6,0.341,0.6,8.2,4.4,17.7,1.3,0.6,12.1,18.2,0.9,0.2,1.1,0.096,-1.1,-1.8,-2.9,-0.1
218,Gary Harris,SHOOTING GUARD,23,DENVER NUGGETS,67,2304,16.5,0.597,0.434,0.178,1.8,6.8,4.3,13,2.6,0.5,10.8,20.7,3.9,1.5,5.5,0.114,1,-0.2,0.8,1.7
219,Joe Harris,SHOOTING GUARD,26,BROOKLYN NETS,78,1975,13.3,0.634,0.576,0.167,2.7,11.3,7,10.2,0.9,0.8,12,16.6,3,0.9,4,0.097,0.7,-0.6,0.1,1
220,Tobias Harris,POWER FORWARD,25,DETROIT PISTONS,48,1563,16.7,0.564,0.389,0.192,2.5,15,8.6,9.9,1.1,0.9,6.2,23.2,2.6,1.5,4.1,0.125,2.2,-0.5,1.7,1.5
221,Tobias Harris,POWER FORWARD,25,LOS ANGELES CLIPPERS,32,1105,17.7,0.565,0.33,0.156,2.2,16.8,9.6,14.3,1.6,1.5,9,23.5,1.6,1,2.6,0.112,2.3,-0.2,2.1,1.2
222,Aaron Harrison,SHOOTING GUARD,23,DALLAS MAVERICKS,9,233,5.1,0.392,0.623,0.246,1.8,9.9,5.7,6.7,1.9,0.8,3.8,15.5,-0.3,0.2,-0.1,-0.014,-6.8,-0.6,-7.5,-0.3
223,Andrew Harrison,POINT GUARD,23,MEMPHIS GRIZZLIES,56,1326,12.7,0.534,0.331,0.371,2,9.7,5.7,21.3,1.4,1.8,14,19.6,1,0.7,1.7,0.062,-1,-0.5,-1.5,0.2
224,Shaquille Harrison,POINT GUARD,24,PHOENIX SUNS,23,384,15.6,0.54,0.21,0.306,2.5,14.7,8.5,22.2,3.2,1.5,13.5,18,0.4,0.4,0.8,0.094,-2.3,1.7,-0.7,0.1
225,Josh Hart,SHOOTING GUARD,22,LOS ANGELES LAKERS,63,1461,12.2,0.596,0.525,0.251,3.1,16,9.6,7.6,1.5,0.9,10.1,13.5,1.9,1.5,3.4,0.111,-0.6,0.5,-0.1,0.7
226,Udonis Haslem,CENTER,37,MIAMI HEAT,14,72,1.8,0.252,0.533,0.133,4.7,10.9,7.8,9.2,0,2.4,11.2,11.1,-0.1,0.1,-0.1,-0.059,-5.9,-1.8,-7.7,-0.1
227,Nigel Hayes,SMALL FORWARD,23,LOS ANGELES LAKERS,2,11,9.8,0.436,0.667,0.333,0,0,0,24.3,0,0,0,13.3,0,0,0,0.069,-0.2,-1.5,-1.7,0
228,Nigel Hayes,SMALL FORWARD,23,TORONTO RAPTORS,2,6,34.9,1.5,1,0,0,0,0,0,0,0,33.3,21.9,0,0,0,0.018,17.4,0.8,18.2,0
229,Nigel Hayes,SMALL FORWARD,23,SACRAMENTO KINGS,5,105,4.4,0.312,0.429,0.071,4.2,20.4,11.9,5.2,1,2.7,3.3,12.8,-0.2,0.1,-0.1,-0.048,-5.2,0,-5.2,-0.1
230,Gordon Hayward,SMALL FORWARD,27,BOSTON CELTICS,1,5,7.3,0.5,0.5,0,0,21.6,10.9,0,0,0,0,17.9,0,0,0,0.056,-6.6,-0.8,-7.4,0
231,Reggie Hearn,SHOOTING GUARD,26,DETROIT PISTONS,3,7,13.1,0.75,1,0,0,0,0,0,0,0,0,12.7,0,0,0,0.132,2.9,-1.4,1.5,0
232,Myke Henry,SMALL FORWARD,25,MEMPHIS GRIZZLIES,20,378,9.7,0.472,0.532,0.092,3,8.8,5.8,8.9,4.1,1.5,14.4,15.7,-0.3,0.4,0.1,0.017,-3.1,1.8,-1.3,0.1
233,John Henson,CENTER,27,MILWAUKEE BUCKS,76,1970,15.7,0.582,0.014,0.315,9,21.5,15.3,8.6,1.1,4.7,12.8,15,2.8,2.2,4.9,0.12,-1,0.1,-0.9,0.5
234,Juan Hernangómez,POWER FORWARD,22,DENVER NUGGETS,25,277,9.7,0.511,0.667,0.16,7.4,14.6,11,5.9,1.1,0.9,10.1,14,0.2,0.1,0.4,0.061,-1.6,-1.7,-3.3,-0.1
235,Willy Hernangómez,CENTER,23,NEW YORK KNICKS,26,233,16.9,0.595,0.062,0.346,10.5,21.3,15.9,14.3,1.7,2.6,21.8,22.4,0.1,0.3,0.3,0.069,-1.1,0.8,-0.3,0.1
236,Willy Hernangómez,CENTER,23,CHARLOTTE HORNETS,22,262,25,0.612,0.084,0.747,15.8,32.4,24,7.1,1.9,2.9,7.5,19.7,1,0.4,1.5,0.266,2.7,0.1,2.8,0.3
237,Mario Hezonja,SMALL FORWARD,22,ORLANDO MAGIC,75,1657,13.7,0.544,0.433,0.17,2.7,16.1,9.3,10,2.4,1.5,11.5,19.9,0.5,1.8,2.3,0.066,-0.9,0.4,-0.5,0.6
238,Isaiah Hicks,POWER FORWARD,23,NEW YORK KNICKS,18,240,6.8,0.501,0.125,0.25,4.6,14.3,9.5,9.5,0.4,1.4,16.7,17.4,-0.1,0.1,0,-0.003,-6.4,-1.2,-7.6,-0.3
239,Buddy Hield,SHOOTING GUARD,25,SACRAMENTO KINGS,80,2024,16.1,0.557,0.437,0.087,3,14.8,8.6,12.8,2.1,1,11.3,24.3,1.3,1.5,2.8,0.067,1.6,-0.5,1,1.5
240,Nenê,CENTER,35,HOUSTON ROCKETS,52,758,16.4,0.594,0.008,0.448,8.1,18,13.1,9.5,1.8,1.6,11.7,18.9,1.5,1.1,2.6,0.163,-1.6,0.6,-1,0.2
241,George Hill,POINT GUARD,31,SACRAMENTO KINGS,43,1143,14,0.597,0.393,0.304,2.1,9.9,5.8,15.5,1.7,1,14,16.9,1.6,0.6,2.1,0.09,0,-0.6,-0.5,0.4
242,George Hill,POINT GUARD,31,CLEVELAND CAVALIERS,24,669,12.2,0.551,0.412,0.219,3.4,7.3,5.4,14,1.6,1.9,12,15.4,0.8,0.3,1.1,0.077,-0.7,-0.5,-1.2,0.1
243,Solomon Hill,SMALL FORWARD,26,NEW ORLEANS PELICANS,12,187,4.8,0.332,0.512,0.146,5.4,15.1,10.4,14.4,1.8,0.4,17.1,12.2,-0.2,0.2,-0.1,-0.014,-5.3,0.5,-4.8,-0.1
244,Darrun Hilliard,SHOOTING GUARD,24,SAN ANTONIO SPURS,14,95,3.4,0.362,0.316,0.368,0,8.2,4.1,15.3,1.1,0,15.3,12.3,-0.1,0.1,0,-0.015,-7.1,-0.8,-7.9,-0.1
245,Jrue Holiday,SHOOTING GUARD,27,NEW ORLEANS PELICANS,81,2927,17.8,0.57,0.286,0.191,2.4,10.8,6.8,24.9,2,1.7,13.6,23.1,4.2,2.9,7.1,0.116,1.3,0.3,1.6,2.7
246,Justin Holiday,SHOOTING GUARD,28,CHICAGO BULLS,72,2265,10.8,0.513,0.574,0.21,1.4,12.8,6.9,10.1,1.7,1.2,9.8,18.2,0.1,1.6,1.7,0.036,-1.6,-0.3,-1.9,0
247,John Holland,SMALL FORWARD,29,CLEVELAND CAVALIERS,24,174,5.9,0.417,0.61,0.22,3.9,11.4,7.7,3.9,2,1,11,18.5,-0.3,0.1,-0.2,-0.05,-3.6,-1.9,-5.5,-0.2
248,Rondae Hollis-Jefferson,SMALL FORWARD,23,BROOKLYN NETS,68,1920,16.9,0.548,0.075,0.436,5.5,20,12.7,14.2,1.6,1.9,12.3,22.2,2.1,2,4.1,0.103,-0.3,0.4,0.1,1
249,Richaun Holmes,CENTER,24,PHILADELPHIA 76ERS,48,746,17.4,0.585,0.129,0.232,8.6,21.4,15.2,12.3,1.3,3.2,8.6,16.6,1.6,1.3,2.8,0.183,-0.3,1.4,1.1,0.6
250,Rodney Hood,SHOOTING GUARD,25,UTAH JAZZ,39,1084,15.1,0.551,0.475,0.176,1.5,10.1,5.8,10.4,1.4,0.5,9.6,27.3,0.6,1.3,1.9,0.085,1.6,-1,0.5,0.7
251,Rodney Hood,SHOOTING GUARD,25,CLEVELAND CAVALIERS,21,532,12.7,0.533,0.357,0.161,1.7,9.5,5.7,8.4,1.4,0.8,3.2,18.3,0.6,0.2,0.8,0.074,-0.8,-0.7,-1.5,0.1
252,Scotty Hopson,SHOOTING GUARD,28,DALLAS MAVERICKS,1,8,-4.6,0.266,0,2,0,0,0,15.8,0,0,34.7,16.3,0,0,0,-0.238,-9.2,-4.7,-14,0
253,Al Horford,CENTER,31,BOSTON CELTICS,72,2277,17.6,0.575,0.3,0.159,5,20.2,12.7,23.6,0.9,2.9,14.1,18.4,4,3.8,7.8,0.165,2.4,2,4.4,3.7
254,Danuel House,SHOOTING GUARD,24,PHOENIX SUNS,23,403,12.4,0.533,0.45,0.24,3.4,17,10.1,9.4,0.8,1.2,7.2,16.2,0.4,0.1,0.6,0.066,-0.8,-0.8,-1.6,0
255,Dwight Howard,CENTER,32,CHARLOTTE HORNETS,81,2463,20.5,0.577,0.008,0.639,11,33.8,22.2,7.1,1,4.4,15.1,24.2,2.9,3.9,6.8,0.132,-0.3,0.1,-0.1,1.2
256,Josh Huestis,POWER FORWARD,26,OKLAHOMA CITY THUNDER,69,982,5.4,0.417,0.632,0.11,4.6,13.9,9.1,2.7,0.8,4,12,9.5,-0.5,1,0.5,0.024,-3.9,0,-3.9,-0.5
257,R.J. Hunter,SHOOTING GUARD,24,HOUSTON ROCKETS,5,45,8.5,0.455,0.7,0.1,0,12.4,6.3,10.3,3.3,0,8.7,22.5,0,0.1,0,0.022,-5.2,1.9,-3.3,0
258,Vince Hunter,POWER FORWARD,23,MEMPHIS GRIZZLIES,4,7,35.8,0.6,0,0,32.3,16.9,24.8,0,0,13.4,16.7,38.5,0,0,0,0.097,10.4,-0.7,9.7,0
259,Serge Ibaka,POWER FORWARD,28,TORONTO RAPTORS,76,2093,14.7,0.574,0.379,0.151,4.3,21,12.8,4.4,0.7,3.8,9.7,19.4,2.1,3,5.1,0.117,-0.1,0,-0.1,1
260,Andre Iguodala,SMALL FORWARD,34,GOLDEN STATE WARRIORS,64,1622,11.2,0.536,0.366,0.272,3.7,12.6,8.5,16.2,1.6,1.9,15.8,11.5,1.6,1.6,3.2,0.094,-1.1,0.8,-0.3,0.7
261,Ersan İlyasova,POWER FORWARD,30,ATLANTA HAWKS,46,1175,15.1,0.569,0.424,0.224,7,16.8,11.9,6.8,1.8,1.2,8.9,18,1.6,1,2.6,0.106,0.3,-0.5,-0.1,0.6
262,Ersan İlyasova,POWER FORWARD,30,PHILADELPHIA 76ERS,23,554,14.6,0.537,0.392,0.212,8.9,20.6,15,10.4,1.5,1.4,11.1,20.1,0.6,0.9,1.4,0.125,-1.2,-0.3,-1.6,0.1
263,Joe Ingles,SMALL FORWARD,30,UTAH JAZZ,82,2578,14.4,0.623,0.646,0.116,1.1,13.9,7.6,22.9,1.8,0.7,17.4,15.9,4,3.6,7.6,0.141,1,1.3,2.3,2.8
264,Andre Ingram,SHOOTING GUARD,32,LOS ANGELES LAKERS,2,64,16.3,0.655,0.529,0.176,1.7,8.3,5,15.3,2.2,3.8,14.1,14.1,0.1,0.1,0.2,0.157,1.7,2.5,4.3,0.1
265,Brandon Ingram,SMALL FORWARD,20,LOS ANGELES LAKERS,59,1975,13.8,0.536,0.138,0.371,3.1,13.8,8.5,17.7,1.1,1.8,14.4,22.2,1,1.8,2.8,0.068,-0.9,-0.3,-1.2,0.4
266,Kyrie Irving,POINT GUARD,25,BOSTON CELTICS,60,1931,25,0.61,0.374,0.24,1.9,10.8,6.4,30.7,1.7,0.7,10.4,31,6.3,2.7,8.9,0.222,6.4,0.9,7.3,4.5
267,Jonathan Isaac,POWER FORWARD,20,ORLANDO MAGIC,27,536,9.8,0.465,0.317,0.172,3.3,17.2,10.2,4.8,3,4.5,14.8,15,-0.6,0.8,0.2,0.021,-3.8,2.4,-1.4,0.1
268,Wesley Iwundu,SMALL FORWARD,23,ORLANDO MAGIC,62,1020,7.8,0.48,0.211,0.216,3.9,11,7.4,7.8,1.6,0.9,11.2,11.6,0,0.7,0.7,0.032,-4.2,-0.1,-4.3,-0.6
269,Jarrett Jack,POINT GUARD,34,NEW YORK KNICKS,62,1548,11.5,0.489,0.194,0.169,1.6,12.1,6.8,31.3,1.1,0.2,19.5,16.7,0.5,0.7,1.2,0.036,-1.6,-1.3,-2.8,-0.3
270,Aaron Jackson,POINT GUARD,31,HOUSTON ROCKETS,1,35,2.4,0.405,0.444,0.222,6.5,3.2,4.8,4,0,0,9.2,13.7,0,0,0,-0.017,-6.6,-2.3,-8.9,-0.1
271,Demetrius Jackson,POINT GUARD,23,HOUSTON ROCKETS,12,63,0.2,0.286,0.429,0,7.2,12.4,9.8,10.7,3.1,1.3,39.1,16.1,-0.3,0.1,-0.2,-0.14,-9.2,0.6,-8.5,-0.1
272,Demetrius Jackson,POINT GUARD,23,PHILADELPHIA 76ERS,3,17,24.5,0.82,0.25,0.5,6.6,0,3.2,35.1,2.8,0,17,14.8,0.1,0,0.1,0.298,5.3,2.1,7.3,0
273,Josh Jackson,SMALL FORWARD,20,PHOENIX SUNS,77,1959,11.8,0.48,0.233,0.299,5.1,14.2,9.6,10.1,2,1.4,12.2,26,-2,1.2,-0.7,-0.018,-2.8,-1.4,-4.2,-1.1
274,Justin Jackson,SMALL FORWARD,22,SACRAMENTO KINGS,68,1506,9.2,0.521,0.442,0.086,2,12.6,7.1,7.2,0.9,0.8,8.4,14.2,0.4,0.5,1,0.031,-2.4,-1.1,-3.5,-0.6
275,Reggie Jackson,POINT GUARD,27,DETROIT PISTONS,45,1201,15.9,0.516,0.293,0.232,2.6,9,5.7,32.8,1.1,0.3,13.5,27.1,1.1,0.9,2,0.078,1,-1.4,-0.4,0.5
276,LeBron James,POWER FORWARD,33,CLEVELAND CAVALIERS,82,3026,28.6,0.621,0.257,0.336,3.7,22.3,13.1,44.4,1.9,2,16.1,31.6,11,3,14,0.221,7.3,1.4,8.7,8.2
277,Mike James,POINT GUARD,27,PHOENIX SUNS,32,669,14.2,0.476,0.311,0.269,1.9,12.5,7.1,29,1.9,0.8,12.1,25.2,0,0.3,0.3,0.021,-0.3,-0.9,-1.2,0.1
278,Mike James,POINT GUARD,27,NEW ORLEANS PELICANS,4,18,3.5,0.222,0.111,0,6.2,0,3,43.5,2.7,0,10,24.1,-0.1,0,-0.1,-0.146,-7.7,-2.4,-10.1,0
279,Al Jefferson,CENTER,33,INDIANA PACERS,36,484,20.2,0.563,0.014,0.173,7,26.2,16.7,10,1.7,4.2,8.6,22.5,0.8,0.8,1.6,0.158,0.6,1.5,2,0.5
280,Richard Jefferson,SMALL FORWARD,37,DENVER NUGGETS,20,163,6.4,0.499,0.259,0.259,1.4,10.3,5.9,12,0.6,0.5,14.3,9.4,0.1,0,0.1,0.029,-3.5,-0.8,-4.3,-0.1
281,Brandon Jennings,POINT GUARD,28,MILWAUKEE BUCKS,14,205,12.7,0.478,0.458,0.139,2.9,14.8,8.9,31.1,1.5,1.7,19.1,20.8,0,0.1,0.1,0.026,-1.2,-2.2,-3.4,-0.1
282,Jonas Jerebko,POWER FORWARD,30,UTAH JAZZ,74,1134,13.2,0.586,0.46,0.167,5.4,19.1,12.3,5.7,1.1,0.9,6.9,15.6,1.8,1.6,3.4,0.144,-0.4,0.4,0.1,0.6
283,Amir Johnson,CENTER,30,PHILADELPHIA 76ERS,74,1171,14.9,0.575,0.123,0.327,11.8,18.3,15.2,13.9,1.8,3.1,15.6,12.8,2.1,2,4.1,0.169,-1.2,2.2,1,0.9
284,Brice Johnson,POWER FORWARD,23,LOS ANGELES CLIPPERS,9,38,21.3,0.673,0.091,0.182,5.9,31.4,18.8,4,7.7,4.4,25.2,18,0,0.1,0.1,0.168,-2.2,6.8,4.5,0.1
285,Brice Johnson,POWER FORWARD,23,MEMPHIS GRIZZLIES,9,60,16.2,0.418,0,0.097,13.2,21.7,17.4,3,2.5,6.2,3,24.9,-0.1,0.1,0,0.028,-2,-1.6,-3.6,0
286,Dakari Johnson,CENTER,22,OKLAHOMA CITY THUNDER,31,161,16.4,0.575,0,0.513,10.7,12.8,11.7,7.2,1.8,4.5,5.9,13.5,0.4,0.2,0.6,0.178,-1.2,0.9,-0.3,0.1
287,James Johnson,POWER FORWARD,30,MIAMI HEAT,73,1943,15.8,0.575,0.301,0.264,3.5,17.2,10.3,22.5,1.8,2.2,17.1,19.1,2.2,2.8,5,0.123,0,1.6,1.6,1.7
288,Joe Johnson,SMALL FORWARD,36,UTAH JAZZ,32,700,9,0.492,0.372,0.106,2,15.2,8.7,9.8,0.9,0.7,11.6,17.2,-0.2,0.8,0.6,0.041,-2.3,-0.3,-2.6,-0.1
289,Joe Johnson,SMALL FORWARD,36,HOUSTON ROCKETS,23,505,6.8,0.485,0.455,0.157,0.5,13.9,7.3,10.7,0.6,0.2,11.2,14.1,0,0.4,0.4,0.038,-3.3,0,-3.3,-0.2
290,Omari Johnson,POWER FORWARD,28,MEMPHIS GRIZZLIES,4,75,10.5,0.524,0.571,0,6,11.1,8.5,14.5,1.3,0,12.5,14.4,0.1,0,0.1,0.053,-1.8,-2.7,-4.5,0
291,Stanley Johnson,SMALL FORWARD,21,DETROIT PISTONS,69,1894,9,0.48,0.418,0.259,1.9,13,7.3,8.5,2.5,0.7,11,16.4,-0.6,2.4,1.8,0.046,-4,1.1,-2.9,-0.4
292,Tyler Johnson,POINT GUARD,25,MIAMI HEAT,72,2052,13,0.549,0.456,0.181,1.9,11.7,6.8,12.4,1.5,1.4,9.5,18.6,1.9,2.3,4.2,0.097,-0.5,0.2,-0.3,0.9
293,Wesley Johnson,SMALL FORWARD,30,LOS ANGELES CLIPPERS,74,1486,9.8,0.512,0.481,0.158,2.2,13.6,8,5.6,2.5,3.5,12.3,13,-0.1,1.7,1.7,0.055,-2.5,1.7,-0.7,0.5
294,Nikola Jokić,CENTER,22,DENVER NUGGETS,75,2443,24.4,0.603,0.277,0.31,9,27.9,18.5,29.6,1.8,2.1,15.5,24.2,7.8,2.9,10.7,0.211,5.3,1.6,6.9,5.5
295,Damian Jones,CENTER,22,GOLDEN STATE WARRIORS,15,89,6.8,0.517,0,0.227,6.8,10.6,8.8,2.9,0.5,2.7,14.2,13.9,0,0.1,0.1,0.031,-5.3,-1.8,-7.1,-0.1
296,Derrick Jones Jr.,SMALL FORWARD,20,PHOENIX SUNS,6,33,18.4,0.678,0.5,1.5,6.4,6.6,6.5,12.3,1.5,9.8,13.1,9.8,0.1,0,0.1,0.177,2,2.8,4.8,0.1
297,Derrick Jones Jr.,SMALL FORWARD,20,MIAMI HEAT,14,212,8.8,0.457,0.327,0.367,10.1,8,9,4,0.7,3.6,9.5,13.3,0,0.2,0.3,0.059,-3.7,-0.2,-3.9,-0.1
298,Jalen Jones,SMALL FORWARD,24,NEW ORLEANS PELICANS,4,19,5,0.512,0.25,0.5,0,16.5,8.6,0,0,0,0,11.1,0,0,0,0.055,-4.3,-3,-7.3,0
299,Jalen Jones,SMALL FORWARD,24,DALLAS MAVERICKS,12,162,10.9,0.483,0.391,0.266,8.6,15.6,12,3.9,1.5,0.5,8.9,22,-0.1,0.1,0.1,0.024,-3.3,-2.6,-5.9,-0.2
300,Tyus Jones,POINT GUARD,21,MINNESOTA TIMBERWOLVES,82,1467,14.1,0.572,0.393,0.247,1.2,9.2,5.2,21.2,3.2,0.4,14,12.7,2.3,1.2,3.6,0.117,-0.8,1.7,0.8,1.1
301,DeAndre Jordan,CENTER,29,LOS ANGELES CLIPPERS,77,2424,20.2,0.648,0,0.54,15.1,37.6,26.5,7.1,0.8,2.4,16.1,15.2,6,3.4,9.4,0.186,1.7,-0.3,1.4,2.1
302,Cory Joseph,POINT GUARD,26,INDIANA PACERS,82,2210,11,0.503,0.315,0.156,2,11.4,6.7,16.1,1.8,0.7,11.9,14.8,1.2,2,3.1,0.068,-1.8,0.3,-1.5,0.3
303,Frank Kaminsky,POWER FORWARD,24,CHARLOTTE HORNETS,79,1835,14.4,0.545,0.383,0.271,2.7,14.5,8.5,11,1,0.9,7.6,20.5,2.3,1.3,3.6,0.094,0.6,-0.8,-0.2,0.8
304,Enes Kanter,CENTER,25,NEW YORK KNICKS,71,1830,24,0.63,0.003,0.258,16.6,30.6,23.6,9.4,1,1.7,13.3,21.8,5.5,2.1,7.6,0.198,3.3,-1.1,2.2,1.9
305,Luke Kennard,SHOOTING GUARD,21,DETROIT PISTONS,73,1463,12.1,0.56,0.419,0.163,1.6,11.9,6.6,12.7,1.5,0.8,12.2,17.2,1.1,1.4,2.6,0.085,-0.9,0.1,-0.8,0.5
306,Michael Kidd-Gilchrist,SMALL FORWARD,24,CHARLOTTE HORNETS,74,1850,12.5,0.536,0.004,0.305,4.8,13,8.8,5.9,1.3,1.4,7.7,16.1,1.7,1.6,3.3,0.084,-2.1,0,-2.1,-0.1
307,Sean Kilpatrick,SHOOTING GUARD,28,BROOKLYN NETS,16,183,4.9,0.414,0.494,0.218,0.6,19.9,10.2,12.6,0.5,0.4,14.4,26.3,-0.6,0.1,-0.4,-0.116,-5.3,-2.3,-7.6,-0.3
308,Sean Kilpatrick,SHOOTING GUARD,28,MILWAUKEE BUCKS,23,205,11.3,0.515,0.561,0.232,0.6,13.7,7.1,10.9,1.2,0.4,9.1,21.9,0,0.1,0.1,0.035,-1.3,-1.3,-2.6,0
309,Sean Kilpatrick,SHOOTING GUARD,28,LOS ANGELES CLIPPERS,4,38,10.5,0.503,0.389,0.111,0,5.7,2.9,12.1,0,0,5,22.6,0,0,0,0.029,-0.8,-3.7,-4.5,0
310,Sean Kilpatrick,SHOOTING GUARD,28,CHICAGO BULLS,9,214,17.7,0.574,0.449,0.299,1.4,11.5,6.3,10.5,1.4,1.3,9,27.1,0.2,0.1,0.4,0.083,2.5,-1.2,1.3,0.2
311,Maxi Kleber,POWER FORWARD,26,DALLAS MAVERICKS,72,1206,13.4,0.576,0.414,0.191,6.3,15.6,10.8,6.4,1.1,3.5,8.2,13.7,1.6,1.2,2.8,0.113,-1,0.5,-0.5,0.5
312,Furkan Korkmaz,SHOOTING GUARD,20,PHILADELPHIA 76ERS,14,80,3.4,0.386,0.607,0.143,2.8,11.7,7.4,6.7,1.2,1,6.3,16.9,-0.1,0.1,0,-0.006,-6.6,-1,-7.6,-0.1
313,Luke Kornet,POWER FORWARD,22,NEW YORK KNICKS,20,326,13.6,0.516,0.632,0.088,3.8,18,10.9,11.6,0.9,4.2,8.5,19,0.2,0.3,0.5,0.077,0.4,-0.2,0.2,0.2
314,Kyle Korver,SHOOTING GUARD,36,CLEVELAND CAVALIERS,73,1574,13.4,0.652,0.777,0.149,0.7,10.9,5.9,8,1,1.5,9.6,16,2.8,0.6,3.4,0.104,1.5,-1.2,0.2,0.9
315,Kosta Koufos,CENTER,28,SACRAMENTO KINGS,71,1391,17.5,0.566,0,0.19,11.7,27.6,19.3,9.7,1.7,2.2,10.4,15.2,2.3,1.5,3.9,0.134,-0.2,-0.2,-0.4,0.6
316,Kyle Kuzma,POWER FORWARD,22,LOS ANGELES LAKERS,77,2401,14.2,0.549,0.418,0.2,3.9,17.4,10.7,9.1,1,1.1,11,22.5,1.5,2.3,3.8,0.077,0.3,-1,-0.7,0.8
317,Mindaugas Kuzminskas,SMALL FORWARD,28,NEW YORK KNICKS,1,2,-41.1,0,0,0,0,0,0,0,0,0,0,43.7,0,0,0,-1.065,-33,-21.7,-54.7,0
318,Skal Labissière,POWER FORWARD,21,SACRAMENTO KINGS,60,1240,14.3,0.513,0.111,0.258,8.7,18.1,13.2,9.1,1,3.7,12.5,21.1,0.4,1,1.4,0.054,-1.9,-0.8,-2.7,-0.2
319,Jeremy Lamb,SHOOTING GUARD,25,CHARLOTTE HORNETS,80,1967,17,0.559,0.305,0.25,2.7,15.4,8.9,15.4,1.5,1.4,9.1,22.4,3,1.9,4.9,0.12,1.3,0.2,1.6,1.8
320,Shane Larkin,POINT GUARD,25,BOSTON CELTICS,54,775,10.3,0.491,0.393,0.169,2.1,10.7,6.5,18.5,1.9,0.2,12.3,15.5,0.3,1.1,1.4,0.087,-2.8,1.1,-1.7,0.1
321,Joffrey Lauvergne,CENTER,26,SAN ANTONIO SPURS,55,534,16.5,0.536,0.026,0.247,13,22.6,17.8,12.2,0.9,0.5,13.5,20.4,0.6,0.7,1.3,0.12,-0.4,-0.6,-1,0.1
322,Zach LaVine,SHOOTING GUARD,22,CHICAGO BULLS,24,656,14.6,0.499,0.346,0.301,1.4,14.4,7.7,18.6,1.8,0.5,9.7,29.5,-0.1,0.5,0.3,0.025,-0.8,-1.5,-2.3,-0.1
323,Jake Layman,SMALL FORWARD,23,PORTLAND TRAIL BLAZERS,35,160,4.9,0.352,0.426,0.064,2.8,8.1,5.5,9.4,1.9,2,9.4,14.6,-0.3,0.2,-0.1,-0.021,-4.8,0.4,-4.3,-0.1
324,T.J. Leaf,POWER FORWARD,20,INDIANA PACERS,53,459,10.7,0.545,0.309,0.118,7.2,13,10.1,2.8,0.5,0.8,6.5,14.9,0.5,0.3,0.8,0.082,-1.4,-1.7,-3.1,-0.1
325,Courtney Lee,SHOOTING GUARD,32,NEW YORK KNICKS,76,2310,13,0.564,0.368,0.164,1.4,9.3,5.4,11.3,1.7,0.6,9.4,16.9,2.7,1.2,3.9,0.082,-0.1,-0.2,-0.3,1
326,Damion Lee,SHOOTING GUARD,25,ATLANTA HAWKS,15,404,12,0.489,0.395,0.191,3,16.6,9.8,11.2,2.3,0.2,7.8,19.3,0,0.4,0.4,0.046,-2.3,0.4,-1.9,0
327,Walt Lemon Jr.,POINT GUARD,25,NEW ORLEANS PELICANS,5,35,6.9,0.491,0.063,0.188,0,6,3.1,21.1,0,2.3,18.8,26.4,-0.1,0,-0.1,-0.071,-5.3,-2.9,-8.2,-0.1
328,Alex Len,CENTER,24,PHOENIX SUNS,69,1395,19.4,0.612,0.008,0.611,13.2,26.7,19.8,9.1,0.9,3.5,14,17,3.2,1.3,4.5,0.154,0.6,-0.3,0.3,0.8
329,Kawhi Leonard,SMALL FORWARD,26,SAN ANTONIO SPURS,9,210,26,0.572,0.315,0.342,3.1,19.1,11.1,17.7,4.3,3.6,11.1,30.6,0.3,0.5,0.9,0.196,5.2,4.9,10.1,0.6
330,Meyers Leonard,CENTER,25,PORTLAND TRAIL BLAZERS,33,254,17.8,0.676,0.333,0.141,5.2,24.7,15,10.6,1.4,0,10.8,16.1,0.7,0.3,1.1,0.2,1,0.9,2,0.3
331,Jon Leuer,POWER FORWARD,28,DETROIT PISTONS,8,136,8.9,0.505,0.083,0.417,5.6,20.7,13,5.3,0.4,2,14.1,16.1,0,0.1,0.1,0.05,-4.3,-0.3,-4.6,-0.1
332,Caris LeVert,SMALL FORWARD,23,BROOKLYN NETS,71,1864,14.2,0.525,0.333,0.254,3,11.9,7.4,26,2.1,0.9,15.8,22.5,0.7,1.6,2.3,0.058,-0.8,0,-0.8,0.6
333,DeAndre Liggins,SHOOTING GUARD,29,MILWAUKEE BUCKS,31,480,5,0.424,0.554,0.077,1.2,10.7,6,7.3,2.8,1.8,16.2,7.5,-0.3,0.5,0.2,0.02,-4.8,1.9,-2.8,-0.1
334,DeAndre Liggins,SHOOTING GUARD,29,NEW ORLEANS PELICANS,27,244,7.8,0.537,0.415,0,0.9,10.3,5.8,10.7,2,1.3,14.6,8.5,0.1,0.2,0.3,0.062,-3.3,1.5,-1.8,0
335,Damian Lillard,POINT GUARD,27,PORTLAND TRAIL BLAZERS,73,2670,25.2,0.594,0.445,0.38,2.6,10.6,6.6,30.9,1.4,0.8,11.1,30.6,9.9,2.7,12.6,0.227,7,0.3,7.2,6.3
336,Jeremy Lin,POINT GUARD,29,BROOKLYN NETS,1,25,15.9,0.597,0.167,0.583,0,0,0,27.1,0,0,16.6,31.3,0,0,0,0.087,-1,-4.4,-5.4,0
337,Shaun Livingston,POINT GUARD,32,GOLDEN STATE WARRIORS,71,1129,11.6,0.533,0.015,0.178,3.4,9.2,6.5,16.8,1.5,1.5,13.6,16.6,0.9,0.9,1.8,0.077,-2.8,-0.4,-3.1,-0.3
338,Kevon Looney,CENTER,21,GOLDEN STATE WARRIORS,66,910,14.8,0.588,0.026,0.399,11,15.2,13.2,6,1.8,4.9,12,12.4,1.5,1.3,2.8,0.145,-1.2,1,-0.2,0.4
339,Brook Lopez,CENTER,29,LOS ANGELES LAKERS,74,1735,16.5,0.557,0.41,0.199,4.6,13.4,9,11.6,0.8,4.6,10.2,23.5,1.9,1.9,3.8,0.105,0.7,0.2,0.9,1.3
340,Robin Lopez,CENTER,29,CHICAGO BULLS,64,1690,14.7,0.552,0.022,0.14,8.2,10.3,9.2,12.3,0.4,2.8,13.5,20.4,1.2,0.7,1.9,0.055,-0.9,-1.3,-2.2,-0.1
341,Kevin Love,CENTER,29,CLEVELAND CAVALIERS,59,1651,22.4,0.614,0.453,0.365,7,29.8,18.6,9.8,1.3,1.2,9.6,25.1,4.7,1.6,6.4,0.185,4.5,-1.3,3.3,2.2
342,Kyle Lowry,POINT GUARD,31,TORONTO RAPTORS,78,2510,19.5,0.598,0.631,0.276,3,16.1,9.7,30.9,1.7,0.6,14.7,21.7,7,3.1,10.2,0.194,4.7,0.5,5.2,4.5
343,Timothé Luwawu-Cabarrot,SMALL FORWARD,22,PHILADELPHIA 76ERS,52,807,7,0.511,0.592,0.217,1.9,7.5,4.8,9.3,0.7,0.5,11.5,17.5,0.1,0.7,0.8,0.046,-3.1,-1.1,-4.1,-0.4
344,Tyler Lydon,POWER FORWARD,21,DENVER NUGGETS,1,2,0,0,0,0,0,0,0,0,0,0,0,0,0,0,0,-0.014,-3.9,-1.6,-5.4,0
345,Trey Lyles,POWER FORWARD,22,DENVER NUGGETS,73,1391,17.9,0.591,0.396,0.26,4.5,23.5,14,10.1,1.1,2,9.1,21.1,2.7,1.2,3.9,0.135,2,-0.7,1.3,1.1
346,Shelvin Mack,POINT GUARD,27,ORLANDO MAGIC,69,1365,13.3,0.518,0.336,0.234,1.8,11.6,6.7,29.5,1.9,0.5,16.3,17.6,1,1,1.9,0.069,-1.2,-0.2,-1.4,0.2
347,Josh Magette,POINT GUARD,28,ATLANTA HAWKS,18,216,11.9,0.464,0.478,0.174,1,8.8,4.9,36.4,1.8,0.4,15.4,11.8,0.3,0.1,0.4,0.092,-2,-0.6,-2.6,0
348,Ian Mahinmi,CENTER,31,WASHINGTON WIZARDS,77,1145,12.2,0.601,0.008,0.516,13.4,17.4,15.4,6.6,1.6,3.2,24.7,15.6,0.8,1.4,2.2,0.093,-4.6,0.2,-4.4,-0.7
349,Thon Maker,CENTER,20,MILWAUKEE BUCKS,74,1238,10.2,0.499,0.329,0.294,7.1,14.2,10.6,5.2,1.5,3.7,11,14.6,0.3,1.1,1.5,0.056,-3.2,-0.4,-3.5,-0.5
350,Boban Marjanović,CENTER,29,DETROIT PISTONS,19,171,21.6,0.597,0,0.57,9.5,27.7,18.4,14.4,1.2,3.1,18.2,31.3,0.2,0.3,0.5,0.138,-0.4,1.2,0.8,0.1
351,Boban Marjanović,CENTER,29,LOS ANGELES CLIPPERS,20,166,30.6,0.637,0,0.754,22.1,35.2,28.8,7.9,1.8,2.5,13.2,27.5,0.7,0.3,1,0.293,5,-0.8,4.2,0.3
352,Lauri Markkanen,POWER FORWARD,20,CHICAGO BULLS,68,2020,15.6,0.552,0.465,0.193,4,23.7,13.5,6.4,0.9,1.8,8.2,21.9,1.7,1.6,3.3,0.079,1,-1.2,-0.2,0.9
353,Jarell Martin,POWER FORWARD,23,MEMPHIS GRIZZLIES,73,1661,10.5,0.516,0.198,0.234,6.6,15.8,11.1,7,1.2,2.8,13.6,17.1,0.1,1.2,1.3,0.038,-3.3,-0.7,-4,-0.8
354,Frank Mason III,POINT GUARD,23,SACRAMENTO KINGS,52,984,13,0.48,0.226,0.303,3.3,12.1,7.5,22.7,1.7,1,13.1,22.6,0,0.6,0.5,0.027,-1.3,-1,-2.3,-0.1
355,Mangok Mathiang,CENTER,25,CHARLOTTE HORNETS,4,20,18,0.538,0,0.143,16,38.5,27.1,0,2.4,0,0,16.1,0,0,0.1,0.183,-3.3,-1.3,-4.6,0
356,Wesley Matthews,SMALL FORWARD,31,DALLAS MAVERICKS,63,2131,11.4,0.541,0.577,0.145,1.4,9.2,5.2,12.3,1.8,0.7,10.1,17.6,1,1.6,2.6,0.059,-1,0.1,-0.9,0.6
357,Luc Mbah a Moute,POWER FORWARD,31,HOUSTON ROCKETS,61,1564,10.3,0.595,0.501,0.275,1.6,11.7,6.7,5,2.3,1.4,15,12.8,0.8,2.1,2.8,0.087,-1.6,1.4,-0.2,0.7
358,James Michael McAdoo,POWER FORWARD,25,PHILADELPHIA 76ERS,3,18,7.4,0.508,1,0.286,0,11.5,6,0,0,4.6,11.3,21,0,0,0,0.023,-2.3,-0.7,-3,0
359,Patrick McCaw,SHOOTING GUARD,22,GOLDEN STATE WARRIORS,57,961,7.4,0.477,0.356,0.151,2,7.2,4.8,10.6,2.2,0.8,14.6,12.8,-0.3,0.8,0.6,0.029,-4.3,0.1,-4.1,-0.5
360,CJ McCollum,SHOOTING GUARD,26,PORTLAND TRAIL BLAZERS,81,2923,17,0.536,0.316,0.166,2,9.9,6,15.8,1.3,1,8.6,26.5,3.7,2.9,6.6,0.108,1.8,-0.5,1.2,2.4
361,T.J. McConnell,POINT GUARD,25,PHILADELPHIA 76ERS,76,1706,12.5,0.545,0.147,0.093,2.4,11.5,7.1,24.5,2.6,0.6,20.4,13.8,1.3,2.5,3.8,0.108,-1.9,1.9,0,0.9
362,Erik McCree,SMALL FORWARD,24,UTAH JAZZ,4,8,-8.9,0,0.5,0,0,14,7.1,0,6.3,0,33.3,16.9,-0.1,0,-0.1,-0.334,-14.7,1,-13.7,0
363,Chris McCullough,POWER FORWARD,22,WASHINGTON WIZARDS,19,90,15.8,0.478,0.19,0.333,8.8,22.6,15.7,7.1,0,4.9,4,24.6,0.1,0.1,0.2,0.081,-0.3,-1.5,-1.8,0
364,Doug McDermott,SMALL FORWARD,26,NEW YORK KNICKS,55,1172,9.9,0.562,0.418,0.162,3.1,9.5,6.3,6,0.4,0.9,8.8,14.4,1.1,0.3,1.3,0.055,-0.7,-1.4,-2.1,0
365,Doug McDermott,SMALL FORWARD,26,DALLAS MAVERICKS,26,596,11.5,0.611,0.439,0.156,1.3,11.4,6.1,7.5,0.8,0.6,10.3,16.3,0.6,0.3,1,0.077,-1.5,-1,-2.6,-0.1
366,JaVale McGee,CENTER,30,GOLDEN STATE WARRIORS,65,615,22.3,0.641,0.027,0.237,11.5,18.7,15.4,8,1.6,7.3,10,19.2,1.7,1.1,2.7,0.212,0.3,1.2,1.5,0.5
367,Rodney McGruder,SHOOTING GUARD,26,MIAMI HEAT,18,299,12,0.595,0.479,0.11,4.1,7.9,6,8.4,1.3,0.9,5,12.1,0.5,0.3,0.8,0.125,-1,-0.4,-1.4,0.1
368,Trey McKinney-Jones,SHOOTING GUARD,27,INDIANA PACERS,1,1,0,0,0,0,0,0,0,0,0,0,0,0,0,0,0,-0.001,-6.2,-2.3,-8.5,0
369,Alfonzo McKinnie,SMALL FORWARD,25,TORONTO RAPTORS,14,53,10.1,0.643,0.6,0.2,2.2,12.4,7.4,2.7,0.9,1.5,15.5,16,0,0.1,0.1,0.084,-2.6,-0.4,-3,0
370,Ben McLemore,SHOOTING GUARD,24,MEMPHIS GRIZZLIES,56,1091,9.7,0.526,0.426,0.172,3.5,11.4,7.4,7.5,1.8,1.3,13.2,19,-0.2,0.7,0.5,0.023,-2.9,-1,-3.9,-0.5
371,Josh McRoberts,POWER FORWARD,30,DALLAS MAVERICKS,2,6,-12.5,0,1,0,0,0,0,0,0,0,0,7.6,0,0,0,-0.19,-17.9,-3.6,-21.4,0
372,Jodie Meeks,SHOOTING GUARD,30,WASHINGTON WIZARDS,77,1119,12.4,0.548,0.534,0.298,1.5,11.2,6.4,9.1,1.3,0.3,7.7,19,1.3,0.8,2,0.087,-0.3,-0.8,-1.1,0.3
373,Salah Mejri,CENTER,31,DALLAS MAVERICKS,61,729,17.8,0.644,0.022,0.482,12.5,25.4,18.7,7.2,1.5,8.2,19,12.8,1.3,1.3,2.7,0.175,-2,2.8,0.7,0.5
374,Jordan Mickey,POWER FORWARD,23,MIAMI HEAT,23,284,10.6,0.515,0.195,0.232,7.1,24.9,16,4.8,1.1,3,16.6,17.1,-0.1,0.4,0.3,0.054,-5.2,-0.3,-5.6,-0.3
375,Khris Middleton,SMALL FORWARD,26,MILWAUKEE BUCKS,82,2982,17.4,0.577,0.32,0.285,1.8,15,8.4,17.7,2,0.6,11.8,24.6,4.6,2.3,6.9,0.111,0.8,-0.8,0,1.5
376,C.J. Miles,SMALL FORWARD,30,TORONTO RAPTORS,70,1337,13,0.545,0.758,0.162,1.5,11,6.4,6,1.4,1.3,5.7,22.3,1.4,1.5,2.9,0.103,1,-0.7,0.3,0.8
377,Darius Miller,SMALL FORWARD,27,NEW ORLEANS PELICANS,82,1944,9.3,0.617,0.735,0.138,1,7.9,4.6,7.5,0.7,0.7,10.1,12.8,2.1,0.9,3,0.075,-1.1,-0.8,-1.9,0.1
378,Malcolm Miller,SMALL FORWARD,24,TORONTO RAPTORS,15,126,8.9,0.638,0.75,0.143,3.6,9.6,6.7,3.2,0.4,1.3,14.4,12.1,0.1,0.1,0.2,0.087,-0.8,-0.2,-1,0
379,Patty Mills,POINT GUARD,29,SAN ANTONIO SPURS,82,2107,11.8,0.558,0.607,0.173,1.4,6.8,4.1,16,1.3,0.4,12.6,17.8,2,2.1,4.1,0.093,-0.6,-0.4,-1,0.5
380,Paul Millsap,POWER FORWARD,32,DENVER NUGGETS,38,1143,17,0.549,0.26,0.37,6.4,17.6,12.1,13.9,1.7,3.2,12.6,22,1.4,1.1,2.5,0.107,0.4,0,0.4,0.7
381,Nikola Mirotić,POWER FORWARD,26,CHICAGO BULLS,25,622,22,0.624,0.533,0.262,3,25.3,13.7,11,1.2,1.9,8.4,25.7,1.5,0.6,2,0.158,4.9,-0.3,4.6,1
382,Nikola Mirotić,POWER FORWARD,26,NEW ORLEANS PELICANS,30,872,16.3,0.539,0.516,0.152,5.3,24.6,15.3,6.8,1.6,2.4,7.1,21.8,0.7,1.2,1.9,0.106,0.8,-0.3,0.5,0.5
383,Donovan Mitchell,SHOOTING GUARD,21,UTAH JAZZ,79,2638,16.7,0.541,0.404,0.218,2.3,10.4,6.4,19.4,2.2,0.9,12.6,29.1,1.4,3.8,5.2,0.095,0.9,0.3,1.2,2.2
384,Naz Mitrou-Long,SHOOTING GUARD,24,UTAH JAZZ,1,1,133.8,1.5,1,0,0,0,0,0,0,0,0,45,0.1,0,0.1,2.712,199.4,42.7,242.2,0
385,Malik Monk,SHOOTING GUARD,19,CHARLOTTE HORNETS,63,854,10.3,0.477,0.572,0.089,1,7.5,4.2,16.9,1.1,0.9,10,24.9,-0.5,0.5,0,0,-1.3,-2,-3.4,-0.3
386,Greg Monroe,CENTER,27,MILWAUKEE BUCKS,5,79,11.1,0.489,0,0.121,8.9,28.1,18.5,10.2,0,0,14.7,23.3,-0.1,0,0,-0.013,-3.2,-2.4,-5.6,-0.1
387,Greg Monroe,CENTER,27,PHOENIX SUNS,20,465,21,0.642,0,0.297,11.3,25.7,18.4,18.2,1.6,1,18.6,19.6,1,0.4,1.4,0.142,2.1,0,2.1,0.5
388,Greg Monroe,CENTER,27,BOSTON CELTICS,26,496,23,0.58,0,0.348,11.9,24.4,18.2,20.5,2.8,2.9,17.4,24.9,0.8,1.1,2,0.193,1.2,2.4,3.6,0.7
389,Luis Montero,SHOOTING GUARD,24,DETROIT PISTONS,2,8,-15.5,0,0,0,0,28.2,13.8,0,0,0,66.7,16.6,-0.1,0,-0.1,-0.445,-19,-6.6,-25.6,0
390,Ben Moore,POWER FORWARD,22,INDIANA PACERS,2,9,-2.3,0,0,0,0,12.5,6.3,13.1,0,0,0,0,0,0,0,0.072,-10.5,1.3,-9.3,0
391,E'Twaun Moore,SHOOTING GUARD,28,NEW ORLEANS PELICANS,82,2586,12.1,0.593,0.362,0.082,2.5,7.3,5,10.1,1.5,0.4,10.6,16.1,2.8,1.6,4.4,0.081,-1,-0.5,-1.6,0.3
392,Eric Moreland,POWER FORWARD,26,DETROIT PISTONS,67,805,13.9,0.531,0,0.238,10.9,27.6,19.1,13.3,1.9,5.6,23.8,9.7,0.7,1.6,2.3,0.135,-2.8,3.3,0.5,0.5
393,Jaylen Morris,SHOOTING GUARD,22,ATLANTA HAWKS,6,98,6.5,0.438,0.313,0,2.3,15.9,9.1,10.8,1,0.9,15.8,16.9,-0.2,0.1,-0.1,-0.053,-4.4,-1,-5.4,-0.1
394,Marcus Morris,POWER FORWARD,28,BOSTON CELTICS,54,1447,14.5,0.541,0.383,0.252,3.3,18.4,10.9,8.1,1.2,0.7,8.7,23,1.1,2.2,3.2,0.108,-0.1,-0.1,-0.1,0.7
395,Markieff Morris,POWER FORWARD,28,WASHINGTON WIZARDS,73,1968,13.2,0.566,0.301,0.186,4.3,19.2,11.8,11,1.4,1.7,14.6,19.5,1.2,2.1,3.3,0.08,-1.3,0.1,-1.3,0.4
396,Monte Morris,POINT GUARD,22,DENVER NUGGETS,3,25,27.1,0.727,0.167,0.333,0,9,4.5,41.2,5.9,0,12.7,13.7,0.1,0,0.2,0.312,4.3,5,9.4,0.1
397,Johnathan Motley,POWER FORWARD,22,DALLAS MAVERICKS,11,176,17.2,0.55,0.08,0.373,8.5,22.9,15.5,7.1,0.9,1,9.3,24.9,0.1,0.2,0.3,0.084,-1.3,-2,-3.3,-0.1
398,Timofey Mozgov,CENTER,31,BROOKLYN NETS,31,359,12.3,0.617,0.194,0.323,9.4,19.7,14.5,4.8,0.7,2.7,23.7,16.8,0.1,0.3,0.4,0.055,-3.3,-0.6,-3.9,-0.2
399,Emmanuel Mudiay,POINT GUARD,21,DENVER NUGGETS,42,752,12.3,0.504,0.317,0.242,2.4,11.6,7,24.1,1.4,0.4,16.8,24.8,0,0.3,0.3,0.019,-1.4,-2.1,-3.5,-0.3
400,Emmanuel Mudiay,POINT GUARD,21,NEW YORK KNICKS,22,493,10.2,0.428,0.225,0.25,2.3,10.8,6.5,25,2,1.2,15.3,23.7,-0.7,0.4,-0.3,-0.034,-3.3,-1.4,-4.6,-0.3
401,Shabazz Muhammad,SMALL FORWARD,25,MINNESOTA TIMBERWOLVES,32,301,9.3,0.446,0.157,0.256,5.7,11.6,8.6,3.4,0.8,0.6,3.6,20.5,0,0.1,0,0.008,-3.1,-2.8,-5.9,-0.3
402,Shabazz Muhammad,SHOOTING GUARD,25,MILWAUKEE BUCKS,11,117,31,0.624,0.119,0.284,8,23,15.5,11.8,1.7,0.7,1.3,29.5,0.6,0.1,0.7,0.271,7,-1,6,0.2
403,Xavier Munford,SHOOTING GUARD,25,MILWAUKEE BUCKS,6,21,-2.1,0.218,0.333,0.333,5.6,0,2.8,24.6,2.4,0,22.5,19.1,-0.1,0,-0.1,-0.197,-9.3,-2,-11.3,0
404,Dejounte Murray,POINT GUARD,21,SAN ANTONIO SPURS,81,1743,15.1,0.485,0.056,0.243,7,22.4,14.6,20.2,2.8,1.5,16.6,20.7,-0.2,3.4,3.2,0.087,-1.6,2.2,0.5,1.1
405,Jamal Murray,POINT GUARD,20,DENVER NUGGETS,81,2565,16.1,0.576,0.411,0.238,3.6,9.4,6.5,16.4,1.5,0.9,12.8,22.8,4.3,1.2,5.5,0.103,1.2,-1.5,-0.3,1.1
406,Mike Muscala,CENTER,26,ATLANTA HAWKS,53,1060,14.4,0.597,0.535,0.199,5.9,18.3,12.1,7.3,1.4,2.2,11,15.7,1.5,0.9,2.4,0.109,0.3,0.1,0.3,0.6
407,Abdel Nader,SMALL FORWARD,24,BOSTON CELTICS,48,522,5.1,0.439,0.436,0.262,2.8,12,7.4,7.1,1.4,1.6,17,17.1,-0.9,0.8,-0.1,-0.014,-5.5,0.2,-5.3,-0.4
408,Larry Nance Jr.,CENTER,25,LOS ANGELES LAKERS,42,922,19.4,0.618,0.016,0.344,12.6,20.2,16.4,9.2,3.1,1.8,12.3,15.3,2.1,1.5,3.7,0.191,0.6,1.8,2.4,1
409,Larry Nance Jr.,CENTER,25,CLEVELAND CAVALIERS,24,499,21.5,0.585,0.05,0.313,12.1,25.5,18.9,7.6,2.8,3.1,5.2,17,1.4,0.7,2.1,0.206,1.5,0.7,2.2,0.5
410,Shabazz Napier,POINT GUARD,26,PORTLAND TRAIL BLAZERS,74,1535,14.2,0.544,0.411,0.26,1.9,10.1,6,14.6,2.6,0.7,13.2,19.5,1.2,2,3.2,0.101,-0.7,1.4,0.7,1
411,Jameer Nelson,POINT GUARD,35,NEW ORLEANS PELICANS,43,897,8.9,0.52,0.537,0.083,1.4,9.9,5.8,22.2,1.2,0.3,20.9,13,0.3,0.6,0.8,0.045,-2.3,-0.3,-2.6,-0.1
412,Jameer Nelson,POINT GUARD,35,DETROIT PISTONS,7,116,2.6,0.322,0.359,0.077,1.9,5.8,3.8,27.7,1.7,0.8,21.4,19.6,-0.4,0.1,-0.3,-0.107,-7.4,-1,-8.4,-0.2
413,Raul Neto,POINT GUARD,25,UTAH JAZZ,41,498,11.9,0.55,0.311,0.232,1.6,9.5,5.6,23,1.3,0.7,17.8,18.3,0.3,0.6,0.9,0.086,-1.6,0.2,-1.4,0.1
414,Georges Niang,POWER FORWARD,24,UTAH JAZZ,9,32,9.2,0.379,0.364,0.182,10.8,21.1,16,14,3.1,0,20.2,20.9,-0.1,0.1,0,-0.029,-4.9,0.9,-4,0
415,Joakim Noah,CENTER,32,NEW YORK KNICKS,7,40,15.6,0.51,0,0.4,16.7,22.1,19.4,14,2.5,4.3,25.4,17.2,0,0.1,0.1,0.072,-2.5,1.7,-0.8,0
416,Nerlens Noel,CENTER,23,DALLAS MAVERICKS,30,472,16.2,0.558,0.01,0.267,10.9,29.3,19.8,6.3,3.3,4.1,18.1,13.8,0.4,1,1.3,0.135,-2.2,2.7,0.5,0.3
417,Lucas Nogueira,CENTER,25,TORONTO RAPTORS,49,418,17.3,0.661,0.238,0.35,4.9,18.1,11.7,7.2,2.7,8.2,14.8,11.4,0.7,1,1.6,0.188,0.1,5,5.2,0.8
418,Dirk Nowitzki,CENTER,39,DALLAS MAVERICKS,77,1900,16.7,0.575,0.445,0.142,1.2,25.2,12.8,10.4,1.1,2.1,6,20.5,2.6,2.2,4.8,0.121,1.7,0.6,2.3,2.1
419,Frank Ntilikina,POINT GUARD,19,NEW YORK KNICKS,78,1706,7,0.437,0.314,0.136,2.4,9.1,5.8,20,1.9,0.9,19.8,16.9,-2,1.1,-0.9,-0.026,-4.5,-0.5,-5,-1.3
420,Jusuf Nurkić,CENTER,23,PORTLAND TRAIL BLAZERS,79,2088,19.2,0.528,0.007,0.287,10,26.9,18.5,11.7,1.5,4.3,14.6,26.4,0.8,3.9,4.7,0.108,-1.1,1.1,0,1.1
421,David Nwaba,SHOOTING GUARD,25,CHICAGO BULLS,70,1646,12.2,0.542,0.123,0.48,5.6,16,10.6,9.4,1.7,1.6,13.1,15.6,1.1,1.4,2.4,0.071,-2.7,0.2,-2.5,-0.2
422,Johnny O'Bryant,POWER FORWARD,24,CHARLOTTE HORNETS,36,379,11.9,0.47,0.251,0.146,8.1,18.6,13.3,5.9,1.2,1.3,7.6,22.5,-0.1,0.4,0.3,0.038,-2.9,-1.5,-4.4,-0.2
423,Royce O'Neale,SMALL FORWARD,24,UTAH JAZZ,69,1150,10.8,0.54,0.415,0.268,2.5,20.6,11.7,12,1.6,1.2,14.8,14.6,0.5,1.8,2.4,0.099,-2,1.8,-0.2,0.5
424,Kyle O'Quinn,CENTER,27,NEW YORK KNICKS,77,1387,20,0.625,0.044,0.331,9.7,27.8,18.8,16.8,1.3,6.1,18.5,17,2.7,2.1,4.8,0.166,0.4,2.6,3.1,1.8
425,Semi Ojeleye,POWER FORWARD,23,BOSTON CELTICS,73,1150,4.6,0.473,0.665,0.218,3.6,11.6,7.7,2.4,0.9,0.3,10.8,9,-0.2,1.3,1.2,0.048,-4.6,-0.1,-4.7,-0.8
426,Emeka Okafor,CENTER,35,NEW ORLEANS PELICANS,26,353,16.4,0.545,0,0.232,14.9,21.7,18.4,3.1,1.1,5.6,11,14.4,0.5,0.5,1,0.14,-1.1,-0.2,-1.2,0.1
427,Jahlil Okafor,CENTER,22,PHILADELPHIA 76ERS,2,25,8.8,0.465,0,0.444,17.9,20.7,19.4,5.8,0,6.7,21.8,23.5,0,0,0,0.005,-6.4,0.1,-6.3,0
428,Jahlil Okafor,CENTER,22,BROOKLYN NETS,26,328,15.8,0.593,0.031,0.194,5.5,19.3,12.3,5.9,0.4,3.6,11.4,20.9,0.3,0.3,0.6,0.089,-1.4,0,-1.4,0
429,Victor Oladipo,SHOOTING GUARD,25,INDIANA PACERS,75,2552,23.1,0.577,0.323,0.274,2.1,15.1,8.6,21.2,3.5,2,12.7,30.1,4.3,4,8.2,0.155,4.1,1.7,5.8,5
430,Kelly Olynyk,POWER FORWARD,26,MIAMI HEAT,76,1779,17.8,0.612,0.44,0.274,5.6,21.6,13.6,18.7,1.7,1.7,17.1,21.7,2.8,2.7,5.5,0.148,1.1,1.2,2.3,1.9
431,Chinanu Onuaku,CENTER,21,HOUSTON ROCKETS,1,22,-3.2,0.4,0,0,5.2,15.2,10.2,6.4,0,0,37.5,16.1,-0.1,0,-0.1,-0.147,-13,-1.7,-14.7,-0.1
432,Cedi Osman,SMALL FORWARD,22,CLEVELAND CAVALIERS,61,672,11,0.577,0.468,0.247,3.2,16.6,10,8.7,1.6,0.4,13.4,15.7,0.5,0.4,0.9,0.064,-2.1,-0.7,-2.9,-0.1
433,Kelly Oubre Jr.,SMALL FORWARD,22,WASHINGTON WIZARDS,81,2231,11.9,0.534,0.467,0.295,3,15.4,9.2,6.4,1.8,1.4,9.2,19.4,1.4,2.3,3.7,0.08,-1.6,-0.1,-1.7,0.2
434,Zaza Pachulia,CENTER,33,GOLDEN STATE WARRIORS,69,972,17,0.612,0.004,0.352,11,25,18.5,15.2,1.9,1.4,19.1,17,1.8,1.4,3.3,0.161,-0.7,0.7,0,0.5
435,Marcus Paige,POINT GUARD,24,CHARLOTTE HORNETS,5,28,9.1,0.403,0.571,0.143,0,15.7,7.7,16.1,0,0,0,23,0,0,0,-0.006,-5.6,-3.2,-8.8,0
436,Georgios Papagiannis,CENTER,20,SACRAMENTO KINGS,16,118,10.7,0.415,0,0,11.1,24.2,17.4,11.5,0.9,4.8,16.3,18.7,-0.2,0.1,0,-0.018,-4.7,-1,-5.6,-0.1
437,Georgios Papagiannis,CENTER,20,PORTLAND TRAIL BLAZERS,1,4,58.1,1,0,0,27.5,0,13.6,0,24.9,0,0,11,0,0,0.1,0.675,20.2,19.7,39.9,0
438,Jabari Parker,POWER FORWARD,22,MILWAUKEE BUCKS,31,743,17.1,0.55,0.244,0.163,6.6,17.1,11.9,13.1,1.7,1.2,11.2,24.4,0.6,0.6,1.2,0.08,0.9,-1.7,-0.8,0.2
439,Tony Parker,POINT GUARD,35,SAN ANTONIO SPURS,55,1071,12.7,0.498,0.095,0.201,0.7,9.2,4.9,28.2,1.3,0.1,13.9,20.5,0.4,1.1,1.4,0.065,-2.3,-0.9,-3.3,-0.3
440,Chandler Parsons,SMALL FORWARD,29,MEMPHIS GRIZZLIES,36,691,13.6,0.578,0.517,0.115,2.3,13,7.5,16.4,1.3,1.5,12.5,18.3,0.7,0.4,1.1,0.077,1.2,-0.4,0.8,0.5
441,Patrick Patterson,POWER FORWARD,28,OKLAHOMA CITY THUNDER,82,1270,10,0.555,0.643,0.173,2.7,14.6,8.4,6.1,1.9,1.6,10.3,10.8,1.2,1.4,2.6,0.098,-1.2,1,-0.2,0.6
442,Justin Patton,CENTER,20,MINNESOTA TIMBERWOLVES,1,4,19.8,0.5,0,0,0,0,0,0,12.5,0,0,22.1,0,0,0,0.151,-2.2,5.4,3.2,0
443,Brandon Paul,SHOOTING GUARD,26,SAN ANTONIO SPURS,64,576,7.4,0.504,0.425,0.339,1.1,12,6.5,9,2.2,1,16.6,13.6,-0.3,0.8,0.5,0.045,-5.1,1.6,-3.5,-0.2
444,Chris Paul,POINT GUARD,32,HOUSTON ROCKETS,58,1847,24.4,0.604,0.475,0.277,2.3,16.7,9.5,40.9,2.6,0.6,12.5,24.5,7.5,2.7,10.2,0.265,5.2,1.8,7.1,4.2
445,Adreian Payne,POWER FORWARD,26,ORLANDO MAGIC,5,43,18.8,0.831,0.3,0.6,5.1,18,11.5,0,2.3,0,13.7,15,0.1,0,0.2,0.203,1.8,0.6,2.4,0
446,Cameron Payne,POINT GUARD,23,CHICAGO BULLS,25,582,14,0.498,0.423,0.074,3.2,9.8,6.4,29.9,2.2,1.4,14,19.3,0.3,0.4,0.8,0.063,-0.1,-0.3,-0.4,0.2
447,Elfrid Payton,POINT GUARD,23,ORLANDO MAGIC,44,1257,18.1,0.564,0.146,0.249,4.1,11.2,7.6,35.5,2.5,1,18.3,21.8,1.6,1.1,2.7,0.104,1,0.1,1.1,1
448,Elfrid Payton,POINT GUARD,23,PHOENIX SUNS,19,551,13.1,0.481,0.12,0.258,3.2,16.3,9.7,33.7,1.7,0.9,18.8,22.1,-0.2,0.3,0.1,0.009,-2.1,-1.1,-3.2,-0.2
449,Gary Payton II,POINT GUARD,25,MILWAUKEE BUCKS,12,106,7.6,0.437,0.364,0.091,4.4,14.3,9.4,12.2,1.4,0.8,8,15.9,0,0.1,0,0.016,-4.6,-0.7,-5.3,-0.1
450,Gary Payton II,POINT GUARD,25,LOS ANGELES LAKERS,11,115,11.8,0.447,0.317,0.146,8.4,16.5,12.5,15.1,1.7,1.4,8.4,17.6,0,0.1,0.2,0.063,-2.5,-0.1,-2.6,0
451,Kendrick Perkins,CENTER,33,CLEVELAND CAVALIERS,1,15,8.4,0.521,0,1,0,7.4,3.7,17.3,3.3,0,25.8,11.4,0,0,0,0.026,-4.3,2.1,-2.2,0
452,London Perrantes,POINT GUARD,23,CLEVELAND CAVALIERS,14,66,0.7,0.23,0.231,0.385,1.7,5,3.4,9.4,1.5,1.3,6.2,10.9,-0.1,0,-0.1,-0.086,-8.3,-0.9,-9.2,-0.1
453,Alec Peters,POWER FORWARD,22,PHOENIX SUNS,20,225,10.7,0.523,0.784,0.135,3.7,14,8.8,7.9,0.4,0.7,4.9,15.5,0.2,0,0.3,0.055,-0.5,-2.3,-2.8,0
454,Marshall Plumlee,CENTER,25,MILWAUKEE BUCKS,8,52,10.9,0.697,0,5.333,9,29.2,19.2,4.8,0,1.6,23,11.3,0.1,0,0.2,0.143,-3.9,-0.6,-4.5,0
455,Mason Plumlee,CENTER,27,DENVER NUGGETS,74,1439,16.9,0.586,0.003,0.486,10.4,20.9,15.6,14.4,1.7,4.7,18.7,16.6,1.8,1.8,3.6,0.12,-1,1.4,0.5,0.9
456,Miles Plumlee,CENTER,29,ATLANTA HAWKS,55,918,10.6,0.574,0,0.333,9.4,18.3,13.9,7.2,0.9,2.8,23.4,12.8,0.1,0.7,0.9,0.046,-3.7,-0.1,-3.8,-0.4
457,Jakob Pöltl,CENTER,22,TORONTO RAPTORS,82,1524,17.5,0.662,0.005,0.263,12.4,16.4,14.4,5.4,1.3,5.2,16.6,14.8,3.1,2.4,5.6,0.175,-0.7,1.1,0.4,0.9
458,Quincy Pondexter,SMALL FORWARD,29,CHICAGO BULLS,23,196,4,0.398,0.449,0.347,4.2,10.8,7.4,6.3,2,0.9,16.3,15,-0.3,0.1,-0.2,-0.047,-7,-0.4,-7.4,-0.3
459,Otto Porter,SMALL FORWARD,24,WASHINGTON WIZARDS,77,2432,18.3,0.602,0.354,0.145,4.8,18.1,11.4,10.1,2.4,1.5,7.4,18.4,5,3.1,8.1,0.161,2.6,1,3.5,3.4
460,Bobby Portis,POWER FORWARD,22,CHICAGO BULLS,73,1643,19.7,0.548,0.275,0.192,10,23,16.2,13.2,1.5,1.3,10.5,26,2,1.5,3.5,0.101,2.2,-1.3,0.8,1.2
461,Kristaps Porziņģis,POWER FORWARD,22,NEW YORK KNICKS,48,1553,20.4,0.539,0.256,0.309,4.4,18.1,11.3,6.2,1.1,6.4,8.4,31,1.4,1.8,3.2,0.099,1.9,-0.1,1.8,1.5
462,Dwight Powell,CENTER,26,DALLAS MAVERICKS,79,1672,18.8,0.656,0.195,0.43,8.7,21.3,14.7,8.5,2,1.7,10.3,15.5,4.6,2.1,6.6,0.191,0.6,1,1.6,1.5
463,Norman Powell,SHOOTING GUARD,24,TORONTO RAPTORS,70,1062,8.5,0.492,0.497,0.104,1.5,10.9,6.3,11.8,1.7,1.2,14.4,18.9,-0.6,1.2,0.6,0.027,-3.2,0.2,-2.9,-0.3
464,Alex Poythress,POWER FORWARD,24,INDIANA PACERS,25,104,7.8,0.5,0.423,0,7.7,10.8,9.2,2.6,1.4,0.9,7.1,12,0.1,0.1,0.1,0.066,-3.8,-1.3,-5.1,-0.1
465,Jacob Pullen,POINT GUARD,28,PHILADELPHIA 76ERS,3,6,-2.3,0.5,0.5,0,0,0,0,0,0,0,33.3,21.3,0,0,0,-0.21,-8.3,-4.4,-12.7,0
466,Rodney Purvis,SHOOTING GUARD,23,ORLANDO MAGIC,16,290,4.5,0.423,0.486,0.14,0.4,9.9,5.1,8.5,0.5,0.8,8.1,18.7,-0.4,0.1,-0.3,-0.056,-6.1,-2.1,-8.2,-0.5
467,Zhou Qi,CENTER,22,HOUSTON ROCKETS,18,124,1.9,0.295,0.594,0.375,5.5,14.4,10,2.1,0.8,9.6,21.2,16.8,-0.5,0.2,-0.3,-0.104,-10.3,0.2,-10.1,-0.3
468,Tim Quarterman,SHOOTING GUARD,23,HOUSTON ROCKETS,3,13,2.9,0.515,0.667,0.667,0,25.8,13,10.6,0,0,34,20,0,0,0,-0.083,-8.5,-1.2,-9.7,0
469,Ivan Rabb,POWER FORWARD,20,MEMPHIS GRIZZLIES,36,516,16.6,0.599,0,0.237,11.6,24.1,17.7,10.4,1.2,2.4,17.3,17.7,0.7,0.5,1.2,0.109,-0.9,-1.2,-2,0
470,Julius Randle,CENTER,23,LOS ANGELES LAKERS,82,2190,19.9,0.606,0.05,0.47,8.9,22.8,15.9,15.8,0.9,1.7,16.3,25.3,4,2.6,6.6,0.145,0.6,0,0.6,1.4
471,Zach Randolph,POWER FORWARD,36,SACRAMENTO KINGS,59,1508,17.3,0.529,0.193,0.14,7,23.7,15,14.9,1.4,0.6,12.5,27.6,0.3,1.2,1.5,0.048,0.5,-1.5,-1,0.4
472,Xavier Rathan-Mayes,SHOOTING GUARD,23,MEMPHIS GRIZZLIES,5,118,0.9,0.315,0.333,0.214,0,5,2.5,23,2.6,2.4,19.3,21.7,-0.5,0.1,-0.4,-0.171,-9.9,-1.6,-11.5,-0.3
473,J.J. Redick,SHOOTING GUARD,33,PHILADELPHIA 76ERS,70,2116,15.9,0.614,0.523,0.248,0.5,8.3,4.5,15.1,0.8,0.2,9.6,21.7,4.8,1.8,6.6,0.15,2.2,-1.1,1.1,1.7
474,Davon Reed,SHOOTING GUARD,22,PHOENIX SUNS,21,242,4.8,0.388,0.5,0.158,0.9,16.6,8.6,7.6,2,0.7,11,16,-0.5,0.2,-0.3,-0.06,-5.8,-0.6,-6.4,-0.3
475,Willie Reed,CENTER,27,LOS ANGELES CLIPPERS,39,419,19.4,0.669,0.017,0.458,9.3,22,15.7,3.3,1,4.4,11.6,16.8,1,0.5,1.5,0.171,0.6,0.2,0.8,0.3
476,Willie Reed,CENTER,27,DETROIT PISTONS,3,9,8.8,1,0,0,0,12.5,6.1,15.9,0,0,0,4.9,0,0,0,0.187,-5.3,2.6,-2.7,0
477,Josh Richardson,SMALL FORWARD,24,MIAMI HEAT,81,2689,13.6,0.551,0.38,0.16,2.9,9,6,13.2,2.3,2.4,12.9,18.2,1.8,3.5,5.4,0.096,-0.6,1.3,0.7,1.8
478,Malachi Richardson,SHOOTING GUARD,22,SACRAMENTO KINGS,25,319,5.8,0.445,0.443,0.25,1.7,10.4,5.9,5.7,1.6,0.3,9.3,15.2,-0.2,0.1,-0.1,-0.016,-5,-1,-6,-0.3
479,Malachi Richardson,SHOOTING GUARD,22,TORONTO RAPTORS,1,5,10.5,0.5,0.5,0,0,22,11.2,0,0,0,0,17.5,0,0,0,0.045,-5.6,-3,-8.6,0
480,Austin Rivers,SHOOTING GUARD,25,LOS ANGELES CLIPPERS,61,2057,12.6,0.526,0.447,0.198,1.5,6.2,3.9,17.5,1.7,0.6,11.1,20.6,1.4,1,2.4,0.056,-0.3,-0.9,-1.2,0.4
481,Andre Roberson,SHOOTING GUARD,26,OKLAHOMA CITY THUNDER,39,1037,10.9,0.543,0.222,0.235,7.8,12.2,9.9,6,2.2,3.1,14.4,8.6,0.8,1.3,2.2,0.1,-1.9,1.8,-0.1,0.5
482,Devin Robinson,SMALL FORWARD,22,WASHINGTON WIZARDS,1,13,10.5,0.333,0,0,17.4,26,21.7,0,3.8,0,0,10.2,0,0,0,0.098,-4.2,2.1,-2.1,0
483,Glenn Robinson III,SMALL FORWARD,24,INDIANA PACERS,23,338,10.8,0.529,0.4,0.129,3.7,8.6,6.2,6.8,1.9,0.3,5.3,12.5,0.4,0.3,0.6,0.088,-1.2,0.4,-0.7,0.1
484,Rajon Rondo,POINT GUARD,31,NEW ORLEANS PELICANS,65,1705,15.3,0.522,0.304,0.093,2,14.2,8.4,42.2,2,0.5,22.7,16.9,1.9,1.7,3.6,0.101,0,-0.4,-0.3,0.7
485,Derrick Rose,POINT GUARD,29,CLEVELAND CAVALIERS,16,308,11.6,0.523,0.182,0.311,3.7,6.8,5.3,13,0.5,1.1,15.7,25.6,-0.1,0,-0.1,-0.014,-1.8,-3.5,-5.4,-0.3
486,Derrick Rose,POINT GUARD,29,MINNESOTA TIMBERWOLVES,9,112,11.2,0.463,0.111,0.093,3.1,3.1,3.1,15.2,1.8,0,11.1,25,-0.1,0,-0.1,-0.029,-2.9,-2.6,-5.5,-0.1
487,Terrence Ross,SHOOTING GUARD,26,ORLANDO MAGIC,24,600,9.9,0.505,0.487,0.188,1.8,11.6,6.7,9.3,2.2,1.5,12.3,17.3,-0.2,0.5,0.3,0.025,-2.8,0.1,-2.7,-0.1
488,Terry Rozier,POINT GUARD,23,BOSTON CELTICS,80,2068,15.1,0.52,0.503,0.186,3.4,16.3,9.9,17.5,1.9,0.8,8.5,20.4,2.2,3.4,5.6,0.13,0.9,1.2,2.1,2.1
489,Ricky Rubio,POINT GUARD,27,UTAH JAZZ,77,2254,15.4,0.537,0.33,0.307,2.2,15.3,8.8,28.4,2.7,0.4,18.1,22.9,1.5,3.8,5.3,0.112,-0.7,1.5,0.7,1.6
490,D'Angelo Russell,POINT GUARD,21,BROOKLYN NETS,48,1234,15.2,0.509,0.414,0.195,2.6,13.8,8.1,35.7,1.4,1,16.8,30.8,-0.5,0.9,0.4,0.014,0.8,-2,-1.2,0.3
491,Domantas Sabonis,CENTER,21,INDIANA PACERS,74,1810,17.5,0.567,0.056,0.339,10.4,25.2,17.8,12.7,1.1,1.6,15.3,22.1,2.5,2.2,4.7,0.126,-0.6,-0.5,-1.1,0.4
492,JaKarr Sampson,SMALL FORWARD,24,SACRAMENTO KINGS,22,344,13.9,0.585,0.123,0.198,6.7,19.7,12.9,3.9,1.2,6.1,8.3,12.5,0.4,0.4,0.8,0.114,-2.3,1.1,-1.2,0.1
493,Dario Šarić,POWER FORWARD,23,PHILADELPHIA 76ERS,78,2310,15.8,0.582,0.448,0.233,7.5,16.4,12.1,13,1.1,0.7,13.1,20.9,3.8,2.8,6.6,0.137,1.8,-0.5,1.3,1.9
494,Tomáš Satoranský,SHOOTING GUARD,26,WASHINGTON WIZARDS,73,1643,15.4,0.615,0.263,0.25,5,11.1,8,24.8,1.6,0.8,16.3,13.7,3.7,1.3,5,0.145,0.8,0.5,1.2,1.3
495,Dennis Schröder,POINT GUARD,24,ATLANTA HAWKS,67,2078,17.3,0.515,0.229,0.231,2.4,8.8,5.6,36.2,1.7,0.2,12.7,30.4,1.5,1,2.6,0.059,1.2,-1.9,-0.6,0.7
496,Mike Scott,POWER FORWARD,29,WASHINGTON WIZARDS,76,1406,13.6,0.599,0.311,0.145,4,15.8,9.9,9.1,0.8,0.6,12.4,20,1.4,1,2.5,0.085,-0.6,-1.1,-1.7,0.1
497,Thabo Sefolosha,SMALL FORWARD,33,UTAH JAZZ,38,806,15.8,0.591,0.35,0.225,4.1,18.4,11.3,6.3,3.2,1.3,10.2,16.4,1,1.6,2.6,0.156,0.2,2.5,2.7,0.9
498,Wayne Selden,SHOOTING GUARD,23,MEMPHIS GRIZZLIES,35,692,11.8,0.551,0.454,0.219,2.6,6.8,4.7,16,1.3,0.7,15.5,22.6,0.1,0.2,0.3,0.023,-0.9,-2.2,-3.1,-0.2
499,Ramon Sessions,POINT GUARD,31,NEW YORK KNICKS,13,167,6.2,0.403,0.208,0.283,0.7,11.2,6,21.9,2.1,0.5,20.1,19.5,-0.3,0.1,-0.2,-0.065,-5.3,0,-5.4,-0.1
500,Ramon Sessions,POINT GUARD,31,WASHINGTON WIZARDS,15,225,14.9,0.533,0.234,0.656,2.5,7.5,5,31.1,1.5,0.4,15.4,19.1,0.4,0.1,0.5,0.116,-0.1,-1.5,-1.6,0
501,Iman Shumpert,SHOOTING GUARD,27,CLEVELAND CAVALIERS,14,276,6.4,0.48,0.448,0.259,2.9,13.6,8.3,8.1,1.6,1.2,19.9,12.9,-0.2,0.2,0,-0.006,-3.4,0,-3.3,-0.1
502,Pascal Siakam,POWER FORWARD,23,TORONTO RAPTORS,81,1679,14.5,0.549,0.265,0.175,5.4,18.6,12.1,13.5,1.8,2,11.1,15.7,2.1,2.5,4.7,0.133,-0.3,1.6,1.3,1.4
503,Xavier Silas,SHOOTING GUARD,30,BOSTON CELTICS,2,7,-4.9,0,0.667,0,15.8,15.4,15.6,0,7.1,0,0,19.1,-0.1,0,0,-0.25,-11.7,3.5,-8.1,0
504,Ben Simmons,POINT GUARD,21,PHILADELPHIA 76ERS,81,2732,20,0.557,0.011,0.342,5.9,19.5,13,37.4,2.5,2.1,19.5,22.3,4.2,5,9.2,0.162,2,2.5,4.5,4.5
505,Jonathon Simmons,SHOOTING GUARD,28,ORLANDO MAGIC,69,2029,12.7,0.555,0.268,0.317,3.3,9.7,6.5,13.3,1.4,0.6,14.4,22,0.8,1.1,1.9,0.045,-1.7,-1.3,-3.1,-0.5
506,Kobi Simmons,POINT GUARD,20,MEMPHIS GRIZZLIES,32,643,7.7,0.49,0.206,0.132,2.5,6.6,4.5,16.5,1.4,0.7,18,17,-0.4,0.2,-0.2,-0.013,-4.7,-2.1,-6.9,-0.8
507,Kyle Singler,SMALL FORWARD,29,OKLAHOMA CITY THUNDER,12,59,5.9,0.43,0.238,0.619,1.8,17.5,9.4,4.8,0.8,0,10.1,21.6,-0.1,0,0,-0.031,-5,-1.6,-6.7,-0.1
508,Marcus Smart,SHOOTING GUARD,23,BOSTON CELTICS,54,1614,10.8,0.479,0.483,0.258,3,9.8,6.4,23.7,2.2,1.2,18.4,19.4,-0.6,2.5,1.9,0.056,-2.1,1,-1.2,0.3
509,Dennis Smith Jr.,POINT GUARD,20,DALLAS MAVERICKS,69,2049,12.8,0.473,0.331,0.188,2.6,11.8,7,29.5,1.7,0.8,14.9,28.9,-2.4,1.7,-0.7,-0.017,-1.2,-1.2,-2.4,-0.2
510,Ish Smith,POINT GUARD,29,DETROIT PISTONS,82,2043,15.4,0.525,0.126,0.145,1.4,10.9,6.1,28.4,1.6,0.9,11.2,20.8,2.4,2,4.4,0.102,-0.3,0.3,0,1
511,J.R. Smith,SHOOTING GUARD,32,CLEVELAND CAVALIERS,80,2244,8.4,0.534,0.64,0.094,1.5,10.1,5.9,8.6,1.5,0.4,11.6,13.8,0.6,0.9,1.4,0.031,-2.1,-0.9,-3,-0.6
512,Jason Smith,CENTER,31,WASHINGTON WIZARDS,33,285,8.8,0.455,0.278,0.183,7.2,13.9,10.5,7.4,0.5,4,11.4,21.7,-0.2,0.3,0,0.003,-5.4,-1,-6.4,-0.3
513,Josh Smith,POWER FORWARD,32,NEW ORLEANS PELICANS,3,12,3.5,0.25,0,0,28.1,8.7,18.1,0,0,0,0,14.4,0,0,0,-0.013,-8.4,-6.2,-14.6,0
514,Tony Snell,SHOOTING GUARD,26,MILWAUKEE BUCKS,75,2053,8.5,0.578,0.631,0.113,0.5,7.5,4,6.5,1.1,1.2,7.5,10.6,1.6,0.7,2.4,0.056,-1.5,-0.8,-2.3,-0.1
515,Marreese Speights,CENTER,30,ORLANDO MAGIC,52,675,13.7,0.539,0.668,0.158,3.4,18.4,10.8,9.8,0.6,2.6,9.7,26.9,0.1,0.5,0.6,0.045,0.2,-1.4,-1.1,0.1
516,Nik Stauskas,SHOOTING GUARD,24,PHILADELPHIA 76ERS,6,45,0.9,0.41,0.25,0.5,0,2.3,1.2,2.7,4.3,0,45,8.4,-0.1,0.1,0,-0.044,-8.2,2.3,-5.9,0
517,Nik Stauskas,SHOOTING GUARD,24,BROOKLYN NETS,35,478,9.8,0.547,0.66,0.18,0.9,13.2,7,11.9,0.5,0.6,12,16.7,0.2,0.2,0.4,0.038,-0.6,-1.3,-2,0
518,Lance Stephenson,SHOOTING GUARD,27,INDIANA PACERS,82,1850,12.4,0.495,0.327,0.179,3.8,22,12.9,18.6,1.2,0.8,14.6,21.6,-0.2,2,1.8,0.046,-1.5,-0.3,-1.8,0.1
519,David Stockton,POINT GUARD,26,UTAH JAZZ,3,9,33.9,1.05,1,1.333,0,0,0,0,0,0,17.4,28.8,0.1,0,0.1,0.459,6.7,1.1,7.9,0
520,Julyan Stone,SHOOTING GUARD,29,CHARLOTTE HORNETS,23,175,7.6,0.684,1,0.154,0.6,17.6,9,19.2,1.1,1,33.5,5.2,0.2,0.2,0.3,0.087,-3.2,1.9,-1.3,0
521,Edmond Sumner,POINT GUARD,22,INDIANA PACERS,1,2,39.8,1,0,0,0,56.1,28.2,0,0,0,0,22.3,0,0,0,0.425,-2.4,9.3,6.9,0
522,Caleb Swanigan,POWER FORWARD,20,PORTLAND TRAIL BLAZERS,27,189,7.5,0.449,0.133,0.3,8.7,22.3,15.6,10.8,1.3,1.3,20.9,20,-0.3,0.3,0,-0.003,-6.6,1.2,-5.5,-0.2
523,Jayson Tatum,SMALL FORWARD,19,BOSTON CELTICS,80,2438,15.3,0.586,0.29,0.309,2.3,15.6,9,8.3,1.7,2,10.7,19.5,3,4,7.1,0.139,0,1.2,1.2,2
524,Isaiah Taylor,POINT GUARD,23,ATLANTA HAWKS,67,1167,10.9,0.492,0.205,0.362,2.1,6.9,4.5,27,1.4,0.7,15.7,20.1,0.2,0.5,0.6,0.027,-3.1,-1.3,-4.4,-0.7
525,Jeff Teague,POINT GUARD,29,MINNESOTA TIMBERWOLVES,70,2311,16.4,0.553,0.287,0.301,1.2,9.3,5.2,30.6,2.2,0.9,16.4,20.6,3.4,1.4,4.9,0.101,1.1,-0.7,0.4,1.4
526,Marquis Teague,POINT GUARD,24,MEMPHIS GRIZZLIES,3,74,5.7,0.302,0.25,0.313,1.5,8,4.7,24.7,2.7,0,14.2,12.9,-0.1,0,-0.1,-0.038,-5.4,-0.4,-5.7,-0.1
527,Mirza Teletović,POWER FORWARD,32,MILWAUKEE BUCKS,10,159,13.5,0.623,0.789,0,2.2,14.7,8.5,9.5,1.3,0.5,10.9,18.2,0.2,0.1,0.3,0.09,2.1,-1.7,0.4,0.1
528,Garrett Temple,SHOOTING GUARD,31,SACRAMENTO KINGS,65,1615,10.2,0.536,0.477,0.164,1.5,9.6,5.4,11.3,1.8,1.6,13.4,16.4,0.3,0.9,1.2,0.035,-2.2,-0.3,-2.5,-0.2
529,Miloš Teodosić,POINT GUARD,30,LOS ANGELES CLIPPERS,45,1134,11.6,0.564,0.644,0.128,1.6,10.5,6.1,26.2,1,0.4,20.3,18.2,0.9,0.5,1.4,0.058,-0.3,-1.5,-1.7,0.1
530,Jason Terry,SHOOTING GUARD,40,MILWAUKEE BUCKS,51,814,8.1,0.525,0.747,0.058,0.7,6.2,3.5,9.7,2.6,1.4,13.7,10.1,0.1,0.6,0.7,0.042,-2.6,0.6,-2,0
531,Daniel Theis,CENTER,25,BOSTON CELTICS,63,936,16.1,0.616,0.249,0.348,10.7,21.2,16,9.1,1.6,4.3,17.2,15.5,1.6,1.9,3.5,0.178,-2,2.3,0.3,0.5
532,Isaiah Thomas,POINT GUARD,28,CLEVELAND CAVALIERS,15,406,12.3,0.493,0.448,0.351,2,6.5,4.3,25.1,1.1,0.4,15.5,28.9,-0.1,0.1,-0.1,-0.008,-1.2,-3.6,-4.8,-0.3
533,Isaiah Thomas,POINT GUARD,28,LOS ANGELES LAKERS,17,456,12.8,0.52,0.445,0.278,2.4,6,4.2,28.8,0.6,0.2,17.5,28.7,0,0.2,0.2,0.024,-0.7,-4.2,-4.9,-0.3
534,Lance Thomas,POWER FORWARD,29,NEW YORK KNICKS,73,1353,6.3,0.513,0.464,0.199,3.6,10.7,7.2,4.2,1.1,0.9,12.1,10.7,0.3,0.6,0.9,0.031,-3.2,-0.5,-3.7,-0.6
535,Klay Thompson,SHOOTING GUARD,27,GOLDEN STATE WARRIORS,73,2506,16,0.598,0.442,0.083,1.5,10.3,6.2,11.2,1.1,1.1,9.5,23.7,3.1,1.8,4.9,0.094,1.7,-2.1,-0.4,1
536,Tristan Thompson,CENTER,26,CLEVELAND CAVALIERS,53,1072,13.6,0.569,0,0.336,13.4,23.3,18.4,4.3,0.7,1.3,11.8,12.6,1.8,0.7,2.5,0.113,-1,-1.9,-2.9,-0.2
537,Sindarius Thornwell,SHOOTING GUARD,23,LOS ANGELES CLIPPERS,73,1156,8.2,0.519,0.262,0.378,3.2,10,6.7,7.8,2,1.8,16.3,12.1,0.1,0.9,1,0.041,-3.4,1,-2.4,-0.1
538,Anthony Tolliver,POWER FORWARD,32,DETROIT PISTONS,79,1757,13.9,0.663,0.773,0.282,3.1,12.3,7.6,7.5,0.9,1.1,9.9,14.8,3.8,1.5,5.3,0.146,1.2,-0.3,0.9,1.3
539,Karl-Anthony Towns,CENTER,22,MINNESOTA TIMBERWOLVES,82,2918,24.9,0.646,0.243,0.343,9.3,30.9,20,10.8,1.1,3.5,10.5,22.9,10.6,3.4,14,0.23,4.9,0.2,5.1,5.2
540,P.J. Tucker,POWER FORWARD,32,HOUSTON ROCKETS,82,2281,8.3,0.537,0.703,0.136,4.6,17.8,11.3,4.6,1.7,1,13.7,10.5,1,3,3.9,0.082,-1.9,0.8,-1.1,0.5
541,Evan Turner,SMALL FORWARD,29,PORTLAND TRAIL BLAZERS,79,2034,9.9,0.52,0.229,0.185,1.6,11.4,6.5,12.4,1.1,1.2,13.7,15.6,0.5,2.1,2.6,0.061,-2.9,0.4,-2.5,-0.3
542,Myles Turner,CENTER,21,INDIANA PACERS,65,1836,16.6,0.567,0.246,0.322,5.8,19.8,12.8,7,1,5.7,11.6,20,2.2,2.5,4.7,0.122,-0.6,0.4,-0.2,0.8
543,Ekpe Udoh,CENTER,30,UTAH JAZZ,63,810,15.2,0.56,0.008,0.467,9.6,11.4,10.5,9.1,2.7,7.7,12.1,9.1,1.3,1.8,3.2,0.187,-1.3,4.4,3.1,1.1
544,Tyler Ulis,POINT GUARD,22,PHOENIX SUNS,71,1658,10.1,0.465,0.265,0.183,1.5,6.8,4.1,28,2,0.3,17.6,18.5,-0.7,0.5,-0.2,-0.006,-3,-1.4,-4.4,-1
545,Jonas Valančiūnas,CENTER,25,TORONTO RAPTORS,77,1727,22.5,0.628,0.108,0.307,12.1,30.3,21.4,7.5,0.8,3.2,12.9,22.7,4.6,3,7.6,0.21,2.4,0,2.4,1.9
546,Denzel Valentine,SHOOTING GUARD,24,CHICAGO BULLS,77,2095,12.1,0.527,0.513,0.071,2.4,18.3,10.1,17.8,1.5,0.5,11.8,17.5,1,1.5,2.5,0.057,-1,0,-1,0.5
547,Fred VanVleet,POINT GUARD,23,TORONTO RAPTORS,76,1520,15.9,0.556,0.479,0.185,1.9,11.5,6.8,22.8,2.2,1,11.2,19.1,2.7,2,4.7,0.149,1.4,1,2.4,1.7
548,Rashad Vaughn,SHOOTING GUARD,21,MILWAUKEE BUCKS,22,173,11.1,0.56,0.7,0.12,1.4,10.1,5.8,9.9,1.2,1.5,7.1,14.8,0.2,0.1,0.3,0.073,-0.1,-1.2,-1.3,0
549,Rashad Vaughn,SHOOTING GUARD,21,BROOKLYN NETS,1,4,4.1,0,0,0,0,0,0,31.7,0,0,0,0,0,0,0,0.106,-5,-0.2,-5.3,0
550,Rashad Vaughn,SHOOTING GUARD,21,ORLANDO MAGIC,5,35,1.1,0.417,0.333,0,3.1,9.5,6.3,0,1.4,0,25,10.1,-0.1,0,-0.1,-0.07,-6.8,-2.2,-9,-0.1
551,Noah Vonleh,POWER FORWARD,22,PORTLAND TRAIL BLAZERS,33,476,12,0.543,0.063,0.323,8.1,30,19.1,3.8,0.6,1.9,12,11.5,0.4,0.7,1.2,0.117,-1.5,0.6,-0.9,0.1
552,Noah Vonleh,POWER FORWARD,22,CHICAGO BULLS,21,399,13.9,0.484,0.435,0.196,9.1,30.4,19.3,8,1.6,1.3,9.6,18.1,0,0.4,0.5,0.059,-0.6,-1.2,-1.7,0
553,Nikola Vučević,CENTER,27,ORLANDO MAGIC,57,1683,19.7,0.533,0.243,0.112,6.6,27.8,17.1,19.9,1.6,3,11,25.9,1.3,2.3,3.6,0.102,1.7,1,2.7,2
554,Dwyane Wade,SHOOTING GUARD,36,CLEVELAND CAVALIERS,46,1069,15.9,0.519,0.161,0.308,4.2,14.7,9.5,23.3,1.9,2.5,15.7,24.3,0.4,0.9,1.3,0.057,-0.1,-0.1,-0.2,0.5
555,Dwyane Wade,SHOOTING GUARD,36,MIAMI HEAT,21,467,13.1,0.465,0.166,0.223,2.6,14.4,8.5,23.9,2,2.7,15,30.7,-0.8,0.7,-0.1,-0.014,-2.8,0,-2.8,-0.1
556,Dion Waiters,SHOOTING GUARD,26,MIAMI HEAT,30,918,10.5,0.487,0.415,0.168,1,8.5,4.7,19.8,1.3,0.8,13.7,25,-0.7,0.8,0.1,0.004,-2.1,-1.4,-3.5,-0.4
557,Kemba Walker,POINT GUARD,27,CHARLOTTE HORNETS,80,2736,20.6,0.572,0.441,0.308,1.2,8.7,4.9,27.4,1.6,0.7,10.4,27.4,6.5,2,8.6,0.15,4.7,-0.7,4,4.2
558,John Wall,POINT GUARD,27,WASHINGTON WIZARDS,41,1410,19.1,0.515,0.25,0.361,1.8,10.2,6,44.5,2,2.8,17,29.1,1.2,1.5,2.7,0.092,3.5,-0.5,3,1.8
559,Tyrone Wallace,POINT GUARD,23,LOS ANGELES CLIPPERS,30,851,10.1,0.517,0.162,0.316,2.7,10.7,6.8,11.8,1.5,1.3,14.1,16.6,0.2,0.5,0.7,0.042,-3.1,-0.4,-3.5,-0.3
560,Taurean Prince,SMALL FORWARD,23,ATLANTA HAWKS,82,2464,12.8,0.549,0.469,0.185,2.3,15.3,8.8,13.9,1.7,1.5,15.3,22.1,0,2,2,0.038,-0.5,-0.6,-1.1,0.6
561,Derrick Walton,POINT GUARD,22,MIAMI HEAT,16,147,11.2,0.525,0.68,0.24,1.5,10.7,6.1,14.6,2.4,1.7,6.7,9.1,0.2,0.2,0.4,0.128,-1.1,2.4,1.3,0.1
562,Jameel Warney,POWER FORWARD,24,DALLAS MAVERICKS,3,27,22.5,0.599,0,0.417,15.9,21.3,18.5,0,0,0,6.6,25.6,0.1,0,0.1,0.157,2.5,-2.7,-0.2,0
563,T.J. Warren,SMALL FORWARD,24,PHOENIX SUNS,65,2142,17.6,0.541,0.085,0.24,6.1,10.5,8.3,7.2,1.5,1.5,6.7,24.9,2.6,0.8,3.4,0.077,0.8,-1.6,-0.7,0.7
564,Travis Wear,SMALL FORWARD,27,LOS ANGELES LAKERS,17,228,6.9,0.497,0.653,0.111,0,17.6,8.9,4.2,0.8,1.8,7.4,15.2,0,0.2,0.2,0.042,-3.7,0,-3.7,-0.1
565,James Webb III,SMALL FORWARD,24,BROOKLYN NETS,10,120,2.2,0.333,0.792,0,7,14.3,10.6,4.5,0.4,0,14.3,10.1,-0.1,0,-0.1,-0.041,-5.5,-2.8,-8.3,-0.2
566,Briante Weber,POINT GUARD,25,HOUSTON ROCKETS,13,118,11.1,0.547,0.409,0.182,2.9,14.2,8.6,15.2,4.2,2.2,22.8,11.5,0.1,0.2,0.3,0.119,-3.1,4.6,1.5,0.1
567,Briante Weber,POINT GUARD,25,MEMPHIS GRIZZLIES,5,119,9.2,0.508,0.095,0.286,4.8,11.9,8.3,11.1,3.4,1.6,25.3,11.9,-0.1,0.1,0.1,0.024,-5,1,-4,-0.1
568,David West,CENTER,37,GOLDEN STATE WARRIORS,73,999,20.9,0.6,0.021,0.209,7.7,18.2,13.3,20.5,2.3,5.9,16.2,21.7,1.8,1.7,3.5,0.168,0.7,2.5,3.1,1.3
569,Russell Westbrook,POINT GUARD,29,OKLAHOMA CITY THUNDER,80,2914,24.7,0.524,0.193,0.336,5.6,25.7,15.3,49.8,2.5,0.6,16.4,34.1,5.5,4.5,10.1,0.166,4.8,1.5,6.3,6.1
570,Andrew White,SMALL FORWARD,24,ATLANTA HAWKS,15,209,5.8,0.461,0.671,0.055,2.1,16,9.1,4.3,0.7,0.4,9.7,17.3,-0.2,0.1,-0.1,-0.034,-3.4,-2.1,-5.5,-0.2
571,Derrick White,POINT GUARD,23,SAN ANTONIO SPURS,17,139,15.9,0.646,0.394,0.606,4,16.9,10.4,9.3,1.5,1.8,12.6,15.4,0.3,0.2,0.5,0.17,0.8,1.5,2.3,0.2
572,Okaro White,POWER FORWARD,25,MIAMI HEAT,6,80,8.9,0.577,0.688,0.188,4.2,11.2,7.7,3.5,0.6,1.1,5.5,10.3,0.1,0.1,0.2,0.096,-1,0.3,-0.7,0
573,Isaiah Whitehead,POINT GUARD,22,BROOKLYN NETS,16,180,11.5,0.53,0.209,0.221,2.3,13.1,7.7,19.6,2.2,0.8,20.3,28.5,-0.3,0.2,-0.1,-0.035,-3.4,-0.4,-3.8,-0.1
574,Hassan Whiteside,CENTER,28,MIAMI HEAT,54,1364,24.1,0.573,0.003,0.315,14.3,36.6,25.4,6.9,1.4,5.9,12.3,24.7,2.3,3,5.3,0.187,1.5,1.1,2.6,1.6
575,Andrew Wiggins,SMALL FORWARD,22,MINNESOTA TIMBERWOLVES,82,2979,13,0.505,0.26,0.242,3.1,10.8,6.9,8.2,1.5,1.5,8.8,23.4,0.5,1.6,2.1,0.034,-0.8,-1.7,-2.4,-0.3
576,Jacob Wiley,POWER FORWARD,23,BROOKLYN NETS,5,33,8.2,0.41,0.5,0.5,6.4,29.2,17.7,8,1.5,0,0,6.4,0,0,0.1,0.094,-3.6,1.4,-2.3,0
577,Damien Wilkins,SMALL FORWARD,38,INDIANA PACERS,19,152,4.9,0.405,0.462,0.103,3.7,8.1,5.9,7.8,0.7,0.6,10.9,13.4,-0.1,0.1,-0.1,-0.019,-4.2,-1.9,-6.1,-0.2
578,Alan Williams,POWER FORWARD,25,PHOENIX SUNS,5,70,9.3,0.455,0,0.5,4.5,29.5,16.8,16.3,3.4,1.2,24.2,17.5,-0.1,0.1,0,-0.004,-7.3,2.3,-5,-0.1
579,C.J. Williams,SHOOTING GUARD,27,LOS ANGELES CLIPPERS,38,707,9.5,0.512,0.396,0.081,1.9,6.7,4.4,8.5,2.1,1.5,8.9,13.7,0.3,0.5,0.7,0.051,-2.8,0.7,-2.1,0
580,Derrick Williams,POWER FORWARD,26,LOS ANGELES LAKERS,2,9,-3.2,0.25,0.5,0,0,11.7,5.9,0,0,0,0,18.9,0,0,0,-0.191,-9.8,-7,-16.8,0
581,Lou Williams,SHOOTING GUARD,31,LOS ANGELES CLIPPERS,79,2589,20.2,0.574,0.387,0.367,1.7,6.6,4.2,26.3,1.6,0.6,13.1,29.8,5.5,1.2,6.7,0.125,4.2,-1.8,2.3,2.8
582,Marvin Williams,POWER FORWARD,31,CHARLOTTE HORNETS,78,2006,13.9,0.603,0.542,0.218,3.9,16.2,10,7,1.4,1.6,9.7,14.8,3.1,1.9,5,0.119,0.6,0.3,1,1.5
583,Matt Williams,SHOOTING GUARD,24,MIAMI HEAT,3,11,-0.7,0.417,0.833,0,0,10.2,5.1,0,0,0,14.3,28.6,-0.1,0,0,-0.197,-7,-4.2,-11.2,0
584,Troy Williams,SMALL FORWARD,23,HOUSTON ROCKETS,4,17,-2.4,0.242,0.556,0.333,6.7,19.7,13.3,8.6,2.9,0,8.8,29.4,-0.1,0,-0.1,-0.26,-12.4,-3.3,-15.7,-0.1
585,Troy Williams,SMALL FORWARD,23,NEW YORK KNICKS,17,290,16.2,0.572,0.33,0.27,8.1,14.5,11.3,7.7,3.2,1.2,13.9,19.6,0.3,0.3,0.6,0.105,-0.3,0.7,0.4,0.2
586,D.J. Wilson,POWER FORWARD,21,MILWAUKEE BUCKS,22,71,10.3,0.622,0.313,0.125,3.3,13.2,8.3,6.1,2.1,1.2,19.2,13.3,0,0.1,0.1,0.054,-2,0,-2,0
587,Jamil Wilson,SMALL FORWARD,27,LOS ANGELES CLIPPERS,15,274,11.4,0.634,0.778,0.049,1.2,11.5,6.4,5.2,0.9,2.4,8.8,14.3,0.4,0.2,0.5,0.096,0,0.2,0.2,0.2
588,Justise Winslow,POWER FORWARD,21,MIAMI HEAT,68,1680,11.5,0.496,0.264,0.213,4.3,20.5,12.4,13,1.6,1.7,12.6,16.3,0.2,2.4,2.6,0.075,-2.2,1.1,-1.1,0.4
589,Jeff Withey,CENTER,27,DALLAS MAVERICKS,9,39,8.3,0.444,0.625,0.125,2.8,26.6,14.2,0,0,6.8,10.6,22,-0.1,0.1,0,-0.054,-4.4,-0.6,-5,0
590,Nate Wolters,POINT GUARD,26,UTAH JAZZ,5,19,-2.9,0.167,0,0,6,5.9,6,7.1,0,0,0,14.2,-0.1,0,-0.1,-0.137,-9.4,-3.4,-12.8,-0.1
591,Brandan Wright,POWER FORWARD,30,MEMPHIS GRIZZLIES,27,366,19.3,0.595,0,0.333,9.9,19.7,14.7,5.8,1.8,6.4,6.6,14.9,0.8,0.5,1.2,0.163,1.2,1,2.3,0.4
592,Brandan Wright,POWER FORWARD,30,HOUSTON ROCKETS,1,15,11.3,0.667,0,0,7.6,7.5,7.5,0,0,5.7,0,8.8,0,0,0,0.157,-1.5,0.3,-1.2,0
593,Delon Wright,POINT GUARD,25,TORONTO RAPTORS,69,1433,16.5,0.574,0.354,0.271,3.6,11.7,7.7,19.6,2.5,1.8,13.9,17.2,2.5,2.1,4.5,0.152,1.4,1.8,3.3,1.9
594,Guerschon Yabusele,POWER FORWARD,22,BOSTON CELTICS,33,235,12.3,0.559,0.607,0.361,8,16.1,12.1,10,0.9,1.8,14.5,15.7,0.3,0.3,0.6,0.122,-1.4,0.2,-1.2,0
595,James Young,SHOOTING GUARD,22,PHILADELPHIA 76ERS,6,61,4.6,0.511,0.714,0.429,0,3.4,1.8,4.3,0,0,5.7,12.3,0,0,0.1,0.041,-4.5,-2.4,-6.9,-0.1
596,Joe Young,POINT GUARD,25,INDIANA PACERS,53,558,10.1,0.521,0.355,0.156,2.4,10.3,6.4,9.9,1.3,0.2,11.6,18,0.1,0.4,0.5,0.043,-2.3,-1.2,-3.5,-0.2
597,Nick Young,SHOOTING GUARD,32,GOLDEN STATE WARRIORS,80,1393,10,0.562,0.668,0.133,1.7,7.9,5,3.5,1.3,0.4,7,17.5,0.8,0.9,1.7,0.059,-1.6,-1.9,-3.5,-0.5
598,Thaddeus Young,POWER FORWARD,29,INDIANA PACERS,81,2607,14.8,0.528,0.209,0.106,8,14.1,11.1,8.5,2.6,1.2,10.4,17.3,2.3,3.2,5.5,0.101,-0.2,0.4,0.2,1.4
599,Cody Zeller,CENTER,25,CHARLOTTE HORNETS,33,627,15.9,0.602,0.019,0.545,11.4,19.3,15.3,7.4,1.1,2.8,14.6,15.7,1.2,0.7,1.9,0.145,-1.2,0,-1.2,0.1
600,Tyler Zeller,CENTER,28,BROOKLYN NETS,42,703,15.3,0.587,0.114,0.262,9.4,20,14.7,6.5,0.6,2.2,12.1,17.9,1,0.6,1.5,0.105,-0.7,-0.4,-1,0.2
601,Tyler Zeller,CENTER,28,MILWAUKEE BUCKS,24,406,17.1,0.622,0.019,0.181,13.6,18.4,16,7,0.9,2.9,9.6,13.9,1.1,0.3,1.4,0.163,-0.3,-1.8,-2.1,0
602,Paul Zipser,SMALL FORWARD,23,CHICAGO BULLS,54,824,5.2,0.445,0.47,0.107,1.6,16,8.5,8,1.2,1.6,14.9,15.2,-1.1,0.6,-0.6,-0.034,-5.5,-0.5,-6.1,-0.8
603,Ante Žižić,CENTER,21,CLEVELAND CAVALIERS,32,214,24.2,0.746,0,0.433,12.8,18.6,15.7,3.8,0.5,5.2,12.1,18.8,0.9,0.2,1,0.231,1.9,-0.9,1,0.2
604,Ivica Zubac,CENTER,20,LOS ANGELES LAKERS,43,410,15.3,0.557,0.008,0.418,11.8,20.1,16,8.8,0.9,3,15.3,17.6,0.5,0.5,1,0.118,-1.8,-0.3,-2,0